frame,arrival_ms,latency_ms
20,200.020,30.999
21,216.687,43.269
22,233.354,60.660
23,250.020,70.961
24,266.687,84.738
25,283.354,99.981
26,300.020,114.165
27,316.687,132.506
28,333.354,148.951
29,350.020,161.289
30,366.687,177.699
31,383.354,194.703
32,400.020,205.346
33,416.687,227.506
34,433.354,247.205
35,450.020,260.136
36,466.687,273.167
37,483.354,297.067
38,500.020,309.215
39,516.687,321.043
40,533.354,340.937
41,550.020,362.027
42,566.687,378.482
43,583.354,388.419
44,600.020,405.104
45,616.687,427.744
46,633.354,443.089
47,650.020,461.551
48,666.687,478.528
49,683.354,496.066
50,700.020,510.779
51,716.687,522.962
52,733.354,536.274
53,750.020,551.914
54,766.687,568.134
55,783.354,580.981
56,800.020,595.238
57,816.687,609.778
58,833.354,624.375
59,850.020,636.017
60,866.687,647.248
61,883.354,665.349
62,900.020,682.739
63,916.687,699.360
64,933.354,718.084
65,950.020,732.181
66,966.687,742.575
67,983.354,755.140
68,1000.020,772.590
69,1016.687,790.177
70,1033.354,802.681
71,1050.020,821.776
72,1066.687,835.417
73,1083.354,856.287
74,1100.020,872.800
75,1116.687,889.922
76,1133.354,904.619
77,1150.020,918.239
78,1166.687,932.426
79,1183.354,945.546
80,1200.020,955.733
81,1216.687,972.943
82,1233.354,991.155
83,1250.020,1006.596
84,1266.687,1025.074
85,1283.354,1051.511
86,1300.020,1061.809
87,1316.687,1081.434
88,1333.354,1099.513
89,1350.020,1112.162
90,1366.687,1126.697
91,1383.354,1145.215
92,1400.020,1163.758
93,1416.687,1179.043
94,1433.354,1199.674
95,1450.020,1214.313
96,1466.687,1230.352
97,1483.354,1251.102
98,1500.020,1271.632
99,1516.687,1288.051
100,1533.354,1303.281
101,1550.020,1317.182
102,1566.687,1328.949
103,1583.354,1355.247
104,1600.020,1370.105
105,1616.687,1384.066
106,1633.354,1398.889
107,1650.020,1408.835
108,1666.687,1421.843
109,1683.354,1439.447
110,1700.020,1459.100
111,1716.687,1476.160
112,1733.354,1492.280
113,1750.020,1503.563
114,1766.687,1520.773
115,1783.354,1537.482
116,1800.020,1552.798
117,1816.687,1568.978
118,1833.354,1584.813
119,1850.020,1599.871
120,1866.687,1620.727
121,1883.354,1641.708
122,1900.020,1653.327
123,1916.687,1670.877
124,1933.354,1686.492
125,1950.020,1704.409
126,1966.687,1720.439
127,1983.354,1732.886
128,2000.020,1750.061
129,2016.687,1766.707
130,2033.354,1780.394
131,2050.020,1790.702
132,2066.687,1808.689
133,2083.354,1824.300
134,2100.020,1838.714
135,2116.687,1857.100
136,2133.354,1870.050
137,2150.020,1887.134
138,2166.687,1899.587
139,2183.354,1915.878
140,2200.020,1934.139
141,2216.687,1945.733
142,2233.354,1957.670
143,2250.020,1972.793
144,2266.687,1983.729
145,2283.354,1998.541
146,2300.020,2016.401
147,2316.687,2032.184
148,2333.354,2049.512
149,2350.020,2063.061
150,2366.687,2074.578
151,2383.354,2085.689
152,2400.020,2104.094
153,2416.687,2113.353
154,2433.354,2119.723
155,2450.020,2126.987
156,2466.687,2133.578
157,2483.354,2147.348
158,2500.020,2161.349
159,2516.687,2174.746
160,2533.354,2193.521
161,2550.020,2206.372
162,2566.687,2228.980
163,2583.354,2243.042
164,2600.020,2257.252
165,2616.687,2267.415
166,2633.354,2287.856
167,2650.020,2301.569
168,2666.687,2318.472
169,2683.354,2331.083
170,2700.020,2343.587
171,2716.687,2358.755
172,2733.354,2371.553
173,2750.020,2382.500
174,2766.687,2399.724
175,2783.354,2413.401
176,2800.020,2433.933
177,2816.687,2447.791
178,2833.354,2463.114
179,2850.020,2480.083
180,2866.687,2493.447
181,2883.354,2513.738
182,2900.020,2527.897
183,2916.687,2543.568
184,2933.354,2559.649
185,2950.020,2572.723
186,2966.687,2583.305
187,2983.354,2594.028
188,3000.020,2613.545
189,3016.687,2630.368
190,3033.354,2650.444
191,3050.020,2662.727
192,3066.687,2677.279
193,3083.354,2696.586
194,3100.020,2712.894
195,3116.687,2729.585
196,3133.354,2747.399
197,3150.020,2762.172
198,3166.687,2777.469
199,3183.354,2790.362
200,3200.020,2802.307
201,3216.687,2822.453
202,3233.354,2842.916
203,3250.020,2858.138
204,3266.687,2868.955
205,3283.354,2887.718
206,3300.020,2901.207
207,3316.687,2913.194
208,3333.354,2932.826
209,3350.020,2948.810
210,3366.687,2964.119
211,3383.354,2975.621
212,3400.020,2987.525
213,3416.687,2999.976
214,3433.354,3013.049
215,3450.020,3029.845
216,3466.687,3041.213
217,3483.354,3055.082
218,3500.020,3070.681
219,3516.687,3087.738
220,3533.354,3100.217
221,3550.020,3118.402
222,3566.687,3141.605
223,3583.354,3160.316
224,3600.020,3169.880
225,3616.687,3192.008
226,3633.354,3210.967
227,3650.020,3220.180
228,3666.687,3232.682
229,3683.354,3245.835
230,3700.020,3260.180
231,3716.687,3274.464
232,3733.354,3290.707
233,3750.020,3302.832
234,3766.687,3320.602
235,3783.354,3340.061
236,3800.020,3361.280
237,3816.687,3379.865
238,3833.354,3394.825
239,3850.020,3408.892
240,3866.687,3422.979
241,3883.354,3441.580
242,3900.020,3456.664
243,3916.687,3469.474
244,3933.354,3483.466
245,3950.020,3501.281
246,3966.687,3516.341
247,3983.354,3532.190
248,4000.020,3543.277
249,4016.687,3554.790
250,4033.354,3575.108
251,4050.020,3594.434
252,4066.687,3613.578
253,4083.354,3632.129
254,4100.020,3648.225
255,4116.687,3662.620
256,4133.354,3679.627
257,4150.020,3691.792
258,4166.687,3711.743
259,4183.354,3721.395
260,4200.020,3736.445
261,4216.687,3750.377
262,4233.354,3776.190
263,4250.020,3788.940
264,4266.687,3803.140
265,4283.354,3818.020
266,4300.020,3833.018
267,4316.687,3846.004
268,4333.354,3861.365
269,4350.020,3884.001
270,4366.687,3910.722
271,4383.354,3927.529
272,4400.020,3946.223
273,4416.687,3961.135
274,4433.354,3977.156
275,4450.020,3994.723
276,4466.687,4009.940
277,4483.354,4026.604
278,4500.020,4046.920
279,4516.687,4062.600
280,4533.354,4079.231
281,4550.020,4093.121
282,4566.687,4109.936
283,4583.354,4125.983
284,4600.020,4141.733
285,4616.687,4156.946
286,4633.354,4175.410
287,4650.020,4189.052
288,4666.687,4207.657
289,4683.354,4221.825
290,4700.020,4240.117
291,4716.687,4260.064
292,4733.354,4276.719
293,4750.020,4294.205
294,4766.687,4314.005
295,4783.354,4328.890
296,4800.020,4346.562
297,4816.687,4363.982
298,4833.354,4374.432
299,4850.020,4391.885
300,4866.687,4406.012
301,4883.354,4419.953
302,4900.020,4431.579
303,4916.687,4447.780
304,4933.354,4463.110
305,4950.020,4475.951
306,4966.687,4491.326
307,4983.354,4510.749
308,5000.020,4530.873
309,5016.687,4546.109
310,5033.354,4800.232
311,5050.020,4808.905
312,5066.687,4814.338
313,5083.354,4822.961
314,5100.020,4827.767
315,5116.687,4837.994
316,5133.354,4856.009
317,5150.020,4870.226
318,5166.687,4883.290
319,5183.354,4891.106
320,5200.020,4903.694
321,5216.687,4916.953
322,5233.354,4936.603
323,5250.020,4956.914
324,5266.687,4972.942
325,5283.354,4986.085
326,5300.020,5000.930
327,5316.687,5012.854
328,5333.354,5024.057
329,5350.020,5040.994
330,5366.687,5055.731
331,5383.354,5073.171
332,5400.020,5086.713
333,5416.687,5106.189
334,5433.354,5123.012
335,5450.020,5137.794
336,5466.687,5153.913
337,5483.354,5170.270
338,5500.020,5185.430
339,5516.687,5198.340
340,5533.354,5213.913
341,5550.020,5226.649
342,5566.687,5243.183
343,5583.354,5258.682
344,5600.020,5275.808
345,5616.687,5289.379
346,5633.354,5299.926
347,5650.020,5312.841
348,5666.687,5328.208
349,5683.354,5339.455
350,5700.020,5352.093
351,5716.687,5363.042
352,5733.354,5379.070
353,5750.020,5394.642
354,5766.687,5412.874
355,5783.354,5428.844
356,5800.020,5446.603
357,5816.687,5457.267
358,5833.354,5472.407
359,5850.020,5486.758
360,5866.687,5510.104
361,5883.354,5525.235
362,5900.020,5544.084
363,5916.687,5559.978
364,5933.354,5570.550
365,5950.020,5584.996
366,5966.687,5600.487
367,5983.354,5618.362
368,6000.020,5636.291
369,6016.687,5649.133
370,6033.354,5658.270
371,6050.020,5672.117
372,6066.687,5686.721
373,6083.354,5698.783
374,6100.020,5716.799
375,6116.687,5731.144
376,6133.354,5747.614
377,6150.020,5756.622
378,6166.687,5775.747
379,6183.354,5795.273
380,6200.020,5810.107
381,6216.687,5822.891
382,6233.354,5840.339
383,6250.020,5856.716
384,6266.687,5875.221
385,6283.354,5891.980
386,6300.020,5907.733
387,6316.687,5925.263
388,6333.354,5935.407
389,6350.020,5950.897
390,6366.687,5964.285
391,6383.354,5975.884
392,6400.020,5992.916
393,6416.687,6009.727
394,6433.354,6026.338
395,6450.020,6041.388
396,6466.687,6050.353
397,6483.354,6066.185
398,6500.020,6079.450
399,6516.687,6098.998
400,6533.354,6113.063
401,6550.020,6129.669
402,6566.687,6147.398
403,6583.354,6162.585
404,6600.020,6177.644
405,6616.687,6191.564
406,6633.354,6207.336
407,6650.020,6221.654
408,6666.687,6240.281
409,6683.354,6251.783
410,6700.020,6271.043
411,6716.687,6287.715
412,6733.354,6303.030
413,6750.020,6316.264
414,6766.687,6328.568
415,6783.354,6342.857
416,6800.020,6349.421
417,6816.687,6367.172
418,6833.354,6378.943
419,6850.020,6391.752
420,6866.687,6408.102
421,6883.354,6424.128
422,6900.020,6441.076
423,6916.687,6453.309
424,6933.354,6467.139
425,6950.020,6478.969
426,6966.687,6494.080
427,6983.354,6504.004
428,7000.020,6513.124
429,7016.687,6522.741
430,7033.354,6532.926
431,7050.020,6544.431
432,7066.687,6559.434
433,7083.354,6566.336
434,7100.020,6579.332
435,7116.687,6592.982
436,7133.354,6605.688
437,7150.020,6621.765
438,7166.687,6632.979
439,7183.354,6652.086
440,7200.020,6664.176
441,7216.687,6677.662
442,7233.354,6692.325
443,7250.020,6703.190
444,7266.687,6714.373
445,7283.354,6725.024
446,7300.020,6741.825
447,7316.687,6754.042
448,7333.354,6764.096
449,7350.020,6775.240
450,7366.687,6782.411
451,7383.354,6792.988
452,7400.020,6803.022
453,7416.687,6813.304
454,7433.354,6824.805
455,7450.020,6834.476
456,7466.687,6843.406
457,7483.354,6856.656
458,7500.020,6872.234
459,7516.687,6884.698
460,7533.354,6896.963
461,7550.020,6911.383
462,7566.687,6930.285
463,7583.354,6940.445
464,7600.020,6953.279
465,7616.687,6970.660
466,7633.354,6983.225
467,7650.020,6996.059
468,7666.687,7001.627
469,7683.354,7006.408
470,7700.020,7018.715
471,7716.687,7032.561
472,7733.354,7043.682
473,7750.020,7055.683
474,7766.687,7072.781
475,7783.354,7087.519
476,7800.020,7099.066
477,7816.687,7113.854
478,7833.354,7128.695
479,7850.020,7138.758
480,7866.687,7149.290
481,7883.354,7167.372
482,7900.020,7190.715
483,7916.687,7208.854
484,7933.354,7219.604
485,7950.020,7230.508
486,7966.687,7241.547
487,7983.354,7250.327
488,8000.020,7260.820
489,8016.687,7271.028
490,8033.354,7285.520
491,8050.020,7299.534
492,8066.687,7310.496
493,8083.354,7318.211
494,8100.020,7329.341
495,8116.687,7348.667
496,8133.354,7360.419
497,8150.020,7371.180
498,8166.687,7392.803
499,8183.354,7404.992
500,8200.020,7420.036
501,8216.687,7434.707
502,8233.354,7448.267
503,8250.020,7470.326
504,8266.687,7482.134
505,8283.354,7490.833
506,8300.020,7499.816
507,8316.687,7508.942
508,8333.354,7519.198
509,8350.020,7530.342
510,8366.687,7535.482
511,8383.354,7549.957
512,8400.020,7559.335
513,8416.687,7570.398
514,8433.354,7577.595
515,8450.020,7591.039
516,8466.687,7606.139
517,8483.354,7617.233
518,8500.020,7632.138
519,8516.687,7643.234
520,8533.354,7656.520
521,8550.020,7670.120
522,8566.687,7685.822
523,8583.354,7696.394
524,8600.020,7702.347
525,8616.687,7714.345
526,8633.354,7719.765
527,8650.020,7731.374
528,8666.687,7739.464
529,8683.354,7749.377
530,8700.020,7762.298
531,8716.687,7777.980
532,8733.354,7795.177
533,8750.020,7808.273
534,8766.687,7822.627
535,8783.354,7838.378
536,8800.020,7850.736
537,8816.687,7865.429
538,8833.354,7879.590
539,8850.020,7895.512
540,8866.687,7909.947
541,8883.354,7928.618
542,8900.020,7942.029
543,8916.687,7953.449
544,8933.354,7967.607
545,8950.020,7976.301
546,8966.687,7987.984
547,8983.354,7997.287
548,9000.020,8004.991
549,9016.687,8027.015
550,9033.354,8041.521
551,9050.020,8054.017
552,9066.687,8065.702
553,9083.354,8080.548
554,9100.020,8098.038
555,9116.687,8110.689
556,9133.354,8120.828
557,9150.020,8132.901
558,9166.687,8144.559
559,9183.354,8155.280
560,9200.020,8169.876
561,9216.687,8183.731
562,9233.354,8198.896
563,9250.020,8208.343
564,9266.687,8215.398
565,9283.354,8223.122
566,9300.020,8231.913
567,9316.687,8240.747
568,9333.354,8253.382
569,9350.020,8261.994
570,9366.687,8270.833
571,9383.354,8286.088
572,9400.020,8300.176
573,9416.687,8317.711
574,9433.354,8324.880
575,9450.020,8334.229
576,9466.687,8345.927
577,9483.354,8363.331
578,9500.020,8376.377
579,9516.687,8389.007
580,9533.354,8398.859
581,9550.020,8407.235
582,9566.687,8416.895
583,9583.354,8435.731
584,9600.020,8444.428
585,9616.687,8458.431
586,9633.354,8469.492
587,9650.020,8478.994
588,9666.687,8485.914
589,9683.354,8497.682
590,9700.020,8510.335
591,9716.687,8522.314
592,9733.354,8533.657
593,9750.020,8548.526
594,9766.687,8558.186
595,9783.354,8574.975
596,9800.020,8589.446
597,9816.687,8598.475
598,9833.354,8616.815
599,9850.020,8629.132
600,9866.687,8638.748
601,9883.354,8650.918
602,9900.020,8657.811
603,9916.687,8665.126
604,9933.354,8674.580
605,9950.020,8683.288
606,9966.687,8695.530
607,9983.354,8703.873
608,10000.020,8716.946
609,10016.687,8732.628
610,10033.354,8749.720
611,10050.020,8762.889
612,10066.687,8779.642
613,10083.354,8793.732
614,10100.020,8810.923
615,10116.687,8827.994
616,10133.354,8842.090
617,10150.020,8857.767
618,10166.687,8871.948
619,10183.354,8882.774
620,10200.020,8900.015
621,10216.687,8912.422
622,10233.354,8926.874
623,10250.020,8937.750
624,10266.687,8949.524
625,10283.354,8969.228
626,10300.020,8982.088
627,10316.687,9000.288
628,10333.354,9024.222
629,10350.020,9033.691
630,10366.687,9051.882
631,10383.354,9066.443
632,10400.020,9084.778
633,10416.687,9097.357
634,10433.354,9110.952
635,10450.020,9132.082
636,10466.687,9146.932
637,10483.354,9164.408
638,10500.020,9181.115
639,10516.687,9193.219
640,10533.354,9206.820
641,10550.020,9233.722
642,10566.687,9244.466
643,10583.354,9258.310
644,10600.020,9272.948
645,10616.687,9288.235
646,10633.354,9302.259
647,10650.020,9309.751
648,10666.687,9329.930
649,10683.354,9346.697
650,10700.020,9367.101
651,10716.687,9387.103
652,10733.354,9404.628
653,10750.020,9415.986
654,10766.687,9429.910
655,10783.354,9444.423
656,10800.020,9456.771
657,10816.687,9474.256
658,10833.354,9491.217
659,10850.020,9509.246
660,10866.687,9524.869
661,10883.354,9537.331
662,10900.020,9552.927
663,10916.687,9569.822
664,10933.354,9589.313
665,10950.020,9603.916
666,10966.687,9618.543
667,10983.354,9640.880
668,11000.020,9653.065
669,11016.687,9665.587
670,11033.354,9681.065
671,11050.020,9701.291
672,11066.687,9717.440
673,11083.354,9731.107
674,11100.020,9743.682
675,11116.687,9755.576
676,11133.354,9770.254
677,11150.020,9789.160
678,11166.687,9805.068
679,11183.354,10076.235
680,11200.020,10084.314
681,11216.687,10088.047
682,11233.354,10092.661
683,11250.020,10097.471
684,11266.687,10101.384
685,11283.354,10110.784
686,11300.020,10120.884
687,11316.687,10127.888
688,11333.354,10138.233
689,11350.020,10153.893
690,11366.687,10162.308
691,11383.354,10177.872
692,11400.020,10188.537
693,11416.687,10201.056
694,11433.354,10219.338
695,11450.020,10236.782
696,11466.687,10250.391
697,11483.354,10268.435
698,11500.020,10281.323
699,11516.687,10298.617
700,11533.354,10311.992
701,11550.020,10323.127
702,11566.687,10337.360
703,11583.354,10353.748
704,11600.020,10363.649
705,11616.687,10377.667
706,11633.354,10393.221
707,11650.020,10414.547
708,11666.687,10431.965
709,11683.354,10447.697
710,11700.020,10465.374
711,11716.687,10476.364
712,11733.354,10495.166
713,11750.020,10509.806
714,11766.687,10525.534
715,11783.354,10542.549
716,11800.020,10558.663
717,11816.687,10575.438
718,11833.354,10589.136
719,11850.020,10601.317
720,11866.687,10614.555
721,11883.354,10631.508
722,11900.020,10644.898
723,11916.687,10670.375
724,11933.354,10685.609
725,11950.020,10701.403
726,11966.687,10715.287
727,11983.354,10732.857
728,12000.020,10747.227
729,12016.687,10756.500
730,12033.354,10773.366
731,12050.020,10785.335
732,12066.687,10801.671
733,12083.354,10811.639
734,12100.020,10829.184
735,12116.687,10841.895
736,12133.354,10858.852
737,12150.020,10870.449
738,12166.687,10887.043
739,12183.354,10906.717
740,12200.020,10923.445
741,12216.687,10936.006
742,12233.354,10948.685
743,12250.020,10966.624
744,12266.687,10982.284
745,12283.354,10999.219
746,12300.020,11019.293
747,12316.687,11036.056
748,12333.354,11053.020
749,12350.020,11068.648
750,12366.687,11089.730
751,12383.354,11100.360
752,12400.020,11113.292
753,12416.687,11131.154
754,12433.354,11145.054
755,12450.020,11156.998
756,12466.687,11172.568
757,12483.354,11190.332
758,12500.020,11201.580
759,12516.687,11225.340
760,12533.354,11244.461
761,12550.020,11260.341
762,12566.687,11274.647
763,12583.354,11289.792
764,12600.020,11306.766
765,12616.687,11322.911
766,12633.354,11341.462
767,12650.020,11358.099
768,12666.687,11372.440
769,12683.354,11385.534
770,12700.020,11400.297
771,12716.687,11413.190
772,12733.354,11431.854
773,12750.020,11448.090
774,12766.687,11460.894
775,12783.354,11476.559
776,12800.020,11492.625
777,12816.687,11506.379
778,12833.354,11516.094
779,12850.020,11541.590
780,12866.687,11553.585
781,12883.354,11570.189
782,12900.020,11582.689
783,12916.687,11602.993
784,12933.354,11619.259
785,12950.020,11630.889
786,12966.687,11645.959
787,12983.354,11663.263
788,13000.020,11682.180
789,13016.687,11697.334
790,13033.354,11713.794
791,13050.020,11723.555
792,13066.687,11737.563
793,13083.354,11752.219
794,13100.020,11770.138
795,13116.687,11786.628
796,13133.354,11803.503
797,13150.020,11821.828
798,13166.687,11837.886
799,13183.354,11850.649
800,13200.020,11866.054
801,13216.687,11881.867
802,13233.354,11899.987
803,13250.020,11916.591
804,13266.687,11935.842
805,13283.354,11954.572
806,13300.020,11969.624
807,13316.687,11979.402
808,13333.354,11997.825
809,13350.020,12018.293
810,13366.687,12035.412
811,13383.354,12048.629
812,13400.020,12067.217
813,13416.687,12081.352
814,13433.354,12094.369
815,13450.020,12109.153
816,13466.687,12122.267
817,13483.354,12141.073
818,13500.020,12156.268
819,13516.687,12173.504
820,13533.354,12186.336
821,13550.020,12198.738
822,13566.687,12207.458
823,13583.354,12223.761
824,13600.020,12240.735
825,13616.687,12252.587
826,13633.354,12260.593
827,13650.020,12266.496
828,13666.687,12282.975
829,13683.354,12295.853
830,13700.020,12305.518
831,13716.687,12321.897
832,13733.354,12341.858
833,13750.020,12351.009
834,13766.687,12361.732
835,13783.354,12366.843
836,13800.020,12377.256
837,13816.687,12387.742
838,13833.354,12398.319
839,13850.020,12409.992
840,13866.687,12421.124
841,13883.354,12432.118
842,13900.020,12446.935
843,13916.687,12458.609
844,13933.354,12469.412
845,13950.020,12483.774
846,13966.687,12494.709
847,13983.354,12507.627
848,14000.020,12521.049
849,14016.687,12533.224
850,14033.354,12538.747
851,14050.020,12552.103
852,14066.687,12564.172
853,14083.354,12579.287
854,14100.020,12596.217
855,14116.687,12611.908
856,14133.354,12624.927
857,14150.020,12638.847
858,14166.687,12653.933
859,14183.354,12667.817
860,14200.020,12677.880
861,14216.687,12695.966
862,14233.354,12709.907
863,14250.020,12720.063
864,14266.687,12733.361
865,14283.354,12739.243
866,14300.020,12747.725
867,14316.687,12755.062
868,14333.354,12765.064
869,14350.020,12774.779
870,14366.687,12785.134
871,14383.354,12796.762
872,14400.020,12811.000
873,14416.687,12834.790
874,14433.354,12847.137
875,14450.020,12860.946
876,14466.687,12879.949
877,14483.354,12887.767
878,14500.020,12900.737
879,14516.687,12915.213
880,14533.354,12928.943
881,14550.020,12941.014
882,14566.687,12958.602
883,14583.354,12974.435
884,14600.020,12984.005
885,14616.687,12994.256
886,14633.354,13005.418
887,14650.020,13017.145
888,14666.687,13035.204
889,14683.354,13045.659
890,14700.020,13058.192
891,14716.687,13077.544
892,14733.354,13087.142
893,14750.020,13098.809
894,14766.687,13118.905
895,14783.354,13130.764
896,14800.020,13148.766
897,14816.687,13160.106
898,14833.354,13170.996
899,14850.020,13185.680
900,14866.687,13200.861
901,14883.354,13218.412
902,14900.020,13223.167
903,14916.687,13233.599
904,14933.354,13249.688
905,14950.020,13260.791
906,14966.687,13273.101
907,14983.354,13289.622
908,15000.020,13298.339
909,15016.687,13306.412
910,15033.354,13318.862
911,15050.020,13324.105
912,15066.687,13336.890
913,15083.354,13351.571
914,15100.020,13361.941
915,15116.687,13373.279
916,15133.354,13392.958
917,15150.020,13403.324
918,15166.687,13415.615
919,15183.354,13422.068
920,15200.020,13435.797
921,15216.687,13452.135
922,15233.354,13461.291
923,15250.020,13470.871
924,15266.687,13484.228
925,15283.354,13497.397
926,15300.020,13513.053
927,15316.687,13531.614
928,15333.354,13545.645
929,15350.020,13558.235
930,15366.687,13570.280
931,15383.354,13587.047
932,15400.020,13601.786
933,15416.687,13614.275
934,15433.354,13623.174
935,15450.020,13639.410
936,15466.687,13655.529
937,15483.354,13670.237
938,15500.020,13686.822
939,15516.687,13703.840
940,15533.354,13718.936
941,15550.020,13732.410
942,15566.687,13744.358
943,15583.354,13764.313
944,15600.020,13778.829
945,15616.687,13795.294
946,15633.354,13808.192
947,15650.020,13823.402
948,15666.687,13837.008
949,15683.354,13848.895
950,15700.020,13871.726
951,15716.687,13881.430
952,15733.354,13897.443
953,15750.020,13914.039
954,15766.687,13927.251
955,15783.354,13941.368
956,15800.020,13956.923
957,15816.687,13976.343
958,15833.354,13989.268
959,15850.020,14002.297
960,15866.687,14019.069
961,15883.354,14038.011
962,15900.020,14055.074
963,15916.687,14068.701
964,15933.354,14080.303
965,15950.020,14102.556
966,15966.687,14120.652
967,15983.354,14138.462
968,16000.020,14165.020
969,16016.687,14181.305
970,16033.354,14198.749
971,16050.020,14214.295
972,16066.687,14229.747
973,16083.354,14246.111
974,16100.020,14264.584
975,16116.687,14282.896
976,16133.354,14308.227
977,16150.020,14323.482
978,16166.687,14340.846
979,16183.354,14357.786
980,16200.020,14367.363
981,16216.687,14384.421
982,16233.354,14401.420
983,16250.020,14413.643
984,16266.687,14434.443
985,16283.354,14453.621
986,16300.020,14463.292
987,16316.687,14478.680
988,16333.354,14490.624
989,16350.020,14507.401
990,16366.687,14523.713
991,16383.354,14538.927
992,16400.020,14549.755
993,16416.687,14566.424
994,16433.354,14576.987
995,16450.020,14591.830
996,16466.687,14604.969
997,16483.354,14618.503
998,16500.020,14636.146
999,16516.687,14653.705
