1791125660.4127,4968,1000,53687,306000000,1574400
1791125660.4628,4968,992,53625,306000000,1728000
1791125660.5129,4968,984,53593,306000000,1036800
1791125660.5630,4968,976,53781,306000000,1728000
1791125660.6130,4968,976,53625,306000000,1728000
1791125660.6631,4968,968,53781,306000000,1728000
1791125660.7132,4968,960,53656,306000000,1728000
1791125660.7633,4968,960,53656,306000000,1728000
1791125660.8133,4968,952,53593,306000000,1728000
1791125660.8634,4968,952,53593,306000000,1728000
1791125660.9135,4968,952,53625,306000000,1728000
1791125660.9636,4968,960,53625,306000000,1728000
1791125661.0137,4968,960,53781,306000000,1728000
1791125661.0638,4968,952,53593,306000000,1728000
1791125661.1139,4976,952,53750,306000000,1728000
1791125661.1639,4976,944,53625,306000000,1728000
1791125661.2140,4976,944,53718,306000000,1728000
1791125661.2641,4976,944,53593,306000000,1728000
1791125661.3142,4976,936,53593,306000000,1728000
1791125661.3642,4976,936,53593,306000000,1728000
1791125661.4143,4976,936,53718,306000000,1728000
1791125661.4644,4976,936,53718,306000000,1728000
1791125661.5145,4968,944,53593,306000000,1728000
1791125661.5646,4968,944,53687,306000000,1728000
1791125661.6146,4968,944,53593,306000000,1728000
1791125661.6647,4976,944,53656,306000000,1728000
1791125661.7148,4976,936,53593,306000000,1728000
1791125661.7649,4976,936,53625,306000000,1728000
1791125661.8150,4976,936,53593,306000000,1728000
1791125661.8650,4976,936,53593,306000000,1728000
1791125661.9151,4976,936,53562,306000000,1728000
1791125661.9652,4976,928,53625,306000000,1728000
1791125662.0153,4976,928,53625,306000000,1728000
1791125662.0654,4968,944,53593,306000000,1728000
1791125662.1155,4968,944,53625,306000000,1728000
1791125662.1655,4976,944,53656,306000000,1728000
1791125662.2156,4976,944,53687,306000000,1728000
1791125662.2657,4976,936,53593,306000000,1728000
1791125662.3158,4976,936,53656,306000000,1728000
1791125662.3659,4976,936,53531,306000000,1728000
1791125662.4159,4976,936,53593,306000000,1728000
1791125662.4660,4976,936,53687,306000000,1728000
1791125662.5161,4976,928,53593,306000000,1728000
1791125662.5662,4976,928,53656,306000000,1728000
1791125662.6163,4968,944,53593,306000000,1728000
1791125662.6663,4968,944,53625,306000000,1728000
1791125662.7164,4976,944,53593,306000000,1728000
1791125662.7665,4976,944,53656,306000000,1728000
1791125662.8166,4976,936,53625,306000000,1728000
1791125662.8667,4976,936,53562,306000000,1728000
1791125662.9167,4976,936,53750,306000000,1728000
1791125662.9668,4976,936,53625,306000000,1728000
1791125663.0169,4976,936,53687,306000000,1728000
1791125663.0670,4976,936,53593,306000000,1728000
1791125663.1171,4976,936,53687,306000000,1728000
1791125663.1672,4968,944,53593,306000000,1728000
1791125663.2172,4968,952,53687,306000000,1728000
1791125663.2673,4968,952,53593,306000000,1728000
1791125663.3174,4968,944,53625,306000000,1728000
1791125663.3675,4968,944,53718,306000000,1728000
1791125663.4176,4976,944,53562,306000000,1728000
1791125663.4676,4976,944,53656,306000000,1728000
1791125663.5177,4976,944,53593,306000000,1728000
1791125663.5678,4976,936,53593,306000000,1728000
1791125663.6179,4976,936,53468,306000000,1728000
1791125663.6680,4976,936,53593,306000000,1728000
1791125663.7180,4968,944,53625,306000000,1728000
1791125663.7681,4968,952,53593,306000000,1728000
1791125663.8182,4968,952,53718,306000000,1728000
1791125663.8683,4968,952,53625,306000000,1728000
1791125663.9184,4968,944,53687,306000000,1728000
1791125663.9685,4976,944,53625,306000000,1728000
1791125664.0185,4976,944,53687,306000000,1728000
1791125664.0686,4976,944,53500,306000000,1728000
1791125664.1187,4976,936,53593,306000000,1728000
1791125664.1688,4976,936,53531,306000000,1728000
1791125664.2188,4976,936,53625,306000000,1728000
1791125664.2689,4968,944,53687,306000000,1728000
1791125664.3190,4968,952,53593,306000000,1728000
1791125664.3691,4968,952,53718,306000000,1728000
1791125664.4192,4968,952,53562,306000000,1728000
1791125664.4692,4976,944,53687,306000000,1728000
1791125664.5193,4976,944,53531,306000000,1728000
1791125664.5694,4976,944,53625,306000000,1728000
1791125664.6195,4976,944,53500,306000000,1728000
1791125664.6696,4976,944,53625,306000000,1728000
1791125664.7196,4976,944,53718,306000000,1728000
1791125664.7697,4976,944,53593,306000000,1728000
1791125664.8198,4968,944,53718,306000000,1728000
1791125664.8699,4968,952,53593,306000000,1728000
1791125664.9200,4968,952,53656,306000000,1728000
1791125664.9701,4968,952,53593,306000000,1728000
1791125665.0201,4976,952,53625,306000000,1728000
1791125665.0702,4976,944,53500,306000000,1728000
1791125665.1203,4976,944,53625,306000000,1728000
1791125665.1704,4976,944,53718,306000000,1728000
1791125665.2204,4976,944,53562,306000000,1728000
1791125665.2705,4976,944,53656,306000000,1728000
1791125665.3206,4976,944,53593,306000000,1728000
1791125665.3707,4976,944,53656,306000000,1190400
1791125665.4208,4968,952,53531,306000000,1728000
1791125665.4709,4968,952,53656,306000000,1728000
1791125665.5209,4968,952,53531,306000000,1728000
1791125665.5710,4976,952,53625,306000000,1728000
1791125665.6211,4976,952,53687,306000000,1728000
1791125665.6712,4976,944,53593,306000000,1728000
1791125665.7213,4976,944,53687,306000000,1728000
1791125665.7714,4976,944,53562,306000000,1728000
1791125665.8214,4976,944,53687,306000000,1728000
1791125665.8715,4976,944,53468,306000000,1728000
1791125665.9216,4976,944,53625,306000000,1728000
1791125665.9717,4968,952,53562,306000000,1728000
1791125666.0218,4968,952,53625,306000000,1728000
1791125666.0719,4976,952,53531,306000000,1728000
1791125666.1219,4976,952,53562,306000000,1728000
1791125666.1720,4976,952,53656,306000000,1728000
1791125666.2221,4976,944,53687,306000000,1728000
1791125666.2722,4976,944,53656,306000000,1728000
1791125666.3223,4976,944,53562,306000000,1728000
1791125666.3724,4976,944,53625,306000000,1728000
1791125666.4224,4976,944,53593,306000000,1728000
1791125666.4725,4976,944,53593,306000000,1728000
1791125666.5226,4968,952,53531,306000000,1728000
1791125666.5727,4968,952,53562,306000000,1728000
1791125666.6228,4968,952,53687,306000000,1728000
1791125666.6728,4976,952,53562,306000000,1728000
1791125666.7229,4976,952,53750,306000000,1728000
1791125666.7730,4976,944,53593,306000000,1728000
1791125666.8231,4976,944,53562,306000000,1728000
1791125666.8731,4976,944,53500,306000000,1728000
1791125666.9232,4976,944,53625,306000000,1728000
1791125666.9733,4976,944,53593,306000000,1728000
1791125667.0233,4976,936,53593,306000000,1728000
1791125667.0734,4968,952,53718,306000000,1190400
1791125667.1235,4968,952,53562,306000000,1728000
1791125667.1736,4968,952,53656,306000000,1728000
1791125667.2237,4976,952,53562,306000000,1728000
1791125667.2738,4976,944,53593,306000000,1728000
1791125667.3239,4976,944,53531,306000000,1728000
1791125667.3740,4976,944,53593,306000000,1728000
1791125667.4240,4976,944,53468,306000000,1728000
1791125667.4741,4976,944,53625,306000000,1728000
1791125667.5242,4976,944,53718,306000000,1728000
1791125667.5743,4976,936,53562,306000000,1728000
1791125667.6244,4968,952,53750,306000000,1728000
1791125667.6745,4968,960,53562,306000000,1728000
1791125667.7245,4968,952,53656,306000000,1728000
1791125667.7746,4976,952,53531,306000000,1728000
1791125667.8247,4976,944,53625,306000000,1728000
1791125667.8748,4976,944,53562,306000000,1728000
1791125667.9249,4976,944,53625,306000000,1728000
1791125667.9749,4976,944,53812,306000000,1728000
1791125668.0250,4976,944,53531,306000000,1728000
1791125668.0751,4976,936,53718,306000000,1728000
1791125668.1252,4976,936,53531,306000000,1728000
1791125668.1753,4968,944,53531,306000000,1344000
1791125668.2253,4968,952,53531,306000000,1728000
1791125668.2754,4968,952,53625,306000000,1728000
1791125668.3255,4976,952,53531,306000000,1728000
1791125668.3756,4976,944,53625,306000000,1728000
1791125668.4257,4976,944,53656,306000000,1728000
1791125668.4758,4976,944,53562,306000000,1728000
1791125668.5258,4976,944,53656,306000000,1728000
1791125668.5759,4976,944,53593,306000000,1728000
1791125668.6260,4976,936,53593,306000000,1728000
1791125668.6761,4976,936,53500,306000000,1728000
1791125668.7262,4968,944,53593,306000000,1728000
1791125668.7762,4968,952,53593,306000000,1728000
1791125668.8263,4968,952,53593,306000000,1728000
1791125668.8764,4976,952,53781,306000000,1728000
1791125668.9265,4976,944,53562,306000000,1728000
1791125668.9766,4976,944,53687,306000000,1728000
1791125669.0266,4976,944,53593,306000000,1728000
1791125669.0767,4976,944,53625,306000000,1728000
1791125669.1268,4976,944,53562,306000000,1728000
1791125669.1769,4976,944,53562,306000000,1728000
1791125669.2270,4976,944,53593,306000000,1728000
1791125669.2770,4976,944,53593,306000000,1728000
1791125669.3271,4968,952,53531,306000000,1728000
1791125669.3772,4968,952,53500,306000000,1728000
1791125669.4273,4976,952,53656,306000000,1728000
1791125669.4774,4976,952,53500,306000000,1728000
1791125669.5274,4976,944,53656,306000000,1728000
1791125669.5775,4976,944,53562,306000000,1728000
1791125669.6276,4976,944,53593,306000000,1728000
1791125669.6777,4976,944,53468,306000000,1728000
1791125669.7277,4976,944,53625,306000000,1728000
1791125669.7778,4976,944,53500,306000000,1728000
1791125669.8279,4968,944,53593,306000000,1728000
1791125669.8780,4968,960,53687,306000000,1728000
1791125669.9281,4968,952,53593,306000000,1728000
1791125669.9781,4968,952,53593,306000000,1728000
1791125670.0282,4968,952,53562,306000000,1728000
1791125670.0783,4976,944,53656,306000000,1728000
1791125670.1284,4976,944,53562,306000000,1728000
1791125670.1784,4976,944,53593,306000000,1728000
1791125670.2285,4976,944,53531,306000000,1728000
1791125670.2786,4976,944,53562,306000000,1728000
1791125670.3287,4976,944,53750,306000000,1728000
1791125670.3787,4976,944,53593,306000000,1728000
1791125670.4288,4968,952,53593,306000000,1728000
1791125670.4789,4968,952,53468,306000000,1728000
1791125670.5290,4968,952,53687,306000000,1728000
1791125670.5791,4968,952,53531,306000000,1728000
1791125670.6291,4976,952,53531,306000000,1728000
1791125670.6792,4976,944,53500,306000000,1728000
1791125670.7293,4976,944,53562,306000000,1728000
1791125670.7794,4976,944,53718,306000000,1728000
1791125670.8295,4976,944,53593,306000000,1728000
1791125670.8796,4976,936,53656,306000000,1728000
1791125670.9296,4976,936,53531,306000000,1728000
1791125670.9797,4968,952,53625,306000000,1728000
1791125671.0298,4968,952,53500,306000000,1728000
1791125671.0799,4968,952,53593,306000000,1728000
1791125671.1300,4968,952,53500,306000000,729600
1791125671.1800,4976,944,53531,306000000,1728000
1791125671.2301,4976,944,53718,306000000,1728000
1791125671.2802,4976,944,53562,306000000,1728000
1791125671.3303,4976,944,53656,306000000,1728000
1791125671.3804,4976,944,53593,306000000,1728000
1791125671.4305,4976,944,53593,306000000,1728000
1791125671.4805,4976,944,53468,306000000,1728000
1791125671.5306,4968,952,53593,306000000,1267200
1791125671.5807,4968,952,53468,306000000,1728000
1791125671.6308,4968,952,53593,306000000,1728000
1791125671.6809,4968,952,53531,306000000,1728000
1791125671.7309,4976,944,53531,306000000,1728000
1791125671.7810,4976,944,53687,306000000,1728000
1791125671.8311,4976,944,53531,306000000,1728000
1791125671.8812,4976,944,53562,306000000,1728000
1791125671.9312,4976,944,53593,306000000,1728000
1791125671.9813,4976,936,53625,306000000,1728000
1791125672.0314,4976,936,53562,306000000,1728000
1791125672.0815,4968,944,53593,306000000,1113600
1791125672.1316,4968,952,53500,306000000,1728000
1791125672.1816,4968,952,53593,306000000,1728000
1791125672.2317,4968,944,53656,306000000,1728000
1791125672.2818,4976,944,53593,306000000,1728000
1791125672.3319,4976,944,53625,306000000,1728000
1791125672.3820,4976,944,53500,306000000,1728000
1791125672.4320,4976,944,53593,306000000,1728000
1791125672.4821,4976,944,53562,306000000,1728000
1791125672.5322,4976,944,53562,306000000,1728000
1791125672.5823,4976,936,53531,306000000,1728000
1791125672.6324,4968,944,53593,306000000,1728000
1791125672.6825,4968,952,53687,306000000,1728000
1791125672.7325,4968,952,53593,306000000,1728000
1791125672.7826,4968,952,53625,306000000,1728000
1791125672.8327,4968,952,53531,306000000,1728000
1791125672.8828,4976,944,53593,306000000,1728000
1791125672.9329,4976,944,53562,306000000,1728000
1791125672.9829,4976,944,53562,306000000,1728000
1791125673.0330,4976,944,53593,306000000,1728000
1791125673.0831,4976,944,53531,306000000,1728000
1791125673.1332,4976,944,53718,306000000,1728000
1791125673.1833,4968,944,53562,306000000,1267200
1791125673.2334,4968,952,53593,306000000,1728000
1791125673.2834,4968,952,53531,306000000,1728000
1791125673.3335,4968,952,53593,306000000,1728000
1791125673.3836,4968,952,53500,306000000,1728000
1791125673.4337,4968,944,53625,306000000,1728000
1791125673.4838,4976,944,53593,306000000,1728000
1791125673.5339,4976,944,53562,306000000,1728000
1791125673.5839,4976,944,53812,306000000,1728000
1791125673.6340,4976,944,53593,306000000,1728000
1791125673.6841,4976,944,53656,306000000,1728000
1791125673.7342,4968,944,53500,306000000,1728000
1791125673.7843,4968,960,53593,306000000,1728000
1791125673.8344,4968,952,53562,306000000,1728000
1791125673.8844,4968,952,53593,306000000,1728000
1791125673.9345,4968,952,53593,306000000,1728000
1791125673.9846,4968,944,53593,306000000,1728000
1791125674.0347,4976,944,53500,306000000,1728000
1791125674.0848,4976,944,53500,306000000,1728000
1791125674.1348,4976,944,53656,306000000,1728000
1791125674.1849,4976,944,53562,306000000,1728000
1791125674.2350,4976,944,53593,306000000,1728000
1791125674.2851,4968,944,53500,306000000,1113600
1791125674.3351,4968,952,53593,306000000,729600
1791125674.3852,4968,952,53468,306000000,1728000
1791125674.4353,4968,952,53593,306000000,1728000
1791125674.4854,4968,952,53500,306000000,1728000
1791125674.5355,4976,952,53562,306000000,1728000
1791125674.5856,4976,944,53750,306000000,1728000
1791125674.6356,4976,944,53562,306000000,1728000
1791125674.6857,4976,944,53593,306000000,1728000
1791125674.7358,4976,944,53437,306000000,1728000
1791125674.7859,4976,944,53562,306000000,1728000
1791125674.8359,4976,944,53468,306000000,1728000
1791125674.8860,4968,960,53593,306000000,1728000
1791125674.9361,4968,952,53593,306000000,1728000
1791125674.9862,4968,952,53562,306000000,1728000
1791125675.0363,4968,952,53656,306000000,1728000
1791125675.0863,4976,944,53500,306000000,1728000
1791125675.1364,4976,944,53593,306000000,1728000
1791125675.1865,4976,944,53500,306000000,1728000
1791125675.2366,4976,944,53593,306000000,1728000
1791125675.2867,4976,944,53500,306000000,1728000
1791125675.3368,4976,936,53562,306000000,1728000
1791125675.3868,4976,936,53531,306000000,1728000
1791125675.4369,4968,952,53531,306000000,1728000
1791125675.4870,4968,952,53593,306000000,1728000
1791125675.5371,4968,952,53593,306000000,1728000
1791125675.5871,4968,952,53656,306000000,1728000
1791125675.6372,4976,952,53562,306000000,1728000
1791125675.6873,4976,944,53625,306000000,1728000
1791125675.7373,4976,944,53500,306000000,1728000
1791125675.7874,4976,944,53531,306000000,1728000
1791125675.8375,4976,944,53500,306000000,1728000
1791125675.8876,4976,944,53625,306000000,1728000
1791125675.9376,4976,944,53656,306000000,1728000
1791125675.9877,4968,952,53593,306000000,1728000
1791125676.0378,4968,952,53593,306000000,1728000
1791125676.0879,4968,952,53406,306000000,1728000
1791125676.1380,4976,952,53593,306000000,1728000
1791125676.1880,4976,952,53531,306000000,1728000
1791125676.2381,4976,944,53593,306000000,1728000
1791125676.2882,4976,944,53500,306000000,1728000
1791125676.3383,4976,944,53562,306000000,1728000
1791125676.3883,4976,944,53562,306000000,1728000
1791125676.4384,4976,944,53500,306000000,1728000
1791125676.4885,4976,944,53562,306000000,1728000
1791125676.5386,4968,952,53500,306000000,1728000
1791125676.5887,4968,960,53593,306000000,1728000
1791125676.6387,4968,952,53593,306000000,1728000
1791125676.6888,4968,952,53531,306000000,1728000
1791125676.7389,4976,952,53500,306000000,1728000
1791125676.7890,4976,952,53531,306000000,1728000
1791125676.8391,4976,944,53406,306000000,1728000
1791125676.8891,4976,944,53500,306000000,1728000
1791125676.9392,4976,944,53562,306000000,1728000
1791125676.9893,4976,944,53531,306000000,1728000
1791125677.0394,4976,944,53593,306000000,1728000
1791125677.0895,4968,952,53562,306000000,1728000
1791125677.1396,4968,960,53531,306000000,1728000
1791125677.1896,4968,952,53500,306000000,1728000
1791125677.2397,4976,952,53531,306000000,1728000
1791125677.2898,4976,952,53500,306000000,1728000
1791125677.3399,4976,952,53562,306000000,1728000
1791125677.3900,4976,944,53593,306000000,1728000
1791125677.4400,4976,944,53562,306000000,1728000
1791125677.4901,4976,944,53625,306000000,1728000
1791125677.5402,4976,944,53531,306000000,1728000
1791125677.5903,4976,944,53625,306000000,1728000
1791125677.6404,4968,944,53531,306000000,1728000
1791125677.6905,4968,960,53593,306000000,1728000
1791125677.7405,4968,952,53375,306000000,1728000
1791125677.7906,4976,952,53562,306000000,1728000
1791125677.8407,4976,952,53625,306000000,1728000
1791125677.8908,4976,944,53531,306000000,1728000
1791125677.9409,4976,944,53562,306000000,1728000
1791125677.9909,4976,944,53500,306000000,1728000
1791125678.0410,4976,944,53562,306000000,1728000
1791125678.0911,4976,944,53500,306000000,1728000
1791125678.1412,4976,944,53593,306000000,1728000
1791125678.1913,4976,944,53531,306000000,1190400
1791125678.2413,4968,952,53500,306000000,1728000
1791125678.2914,4968,952,53625,306000000,1728000
1791125678.3415,4976,952,53593,306000000,1728000
1791125678.3916,4976,952,53562,306000000,1728000
1791125678.4417,4976,944,53531,306000000,1728000
1791125678.4917,4976,944,53593,306000000,1728000
1791125678.5418,4976,944,53500,306000000,1728000
1791125678.5919,4976,944,53593,306000000,1728000
1791125678.6420,4976,944,53468,306000000,1728000
1791125678.6921,4976,944,53500,306000000,1728000
1791125678.7422,4976,944,53531,306000000,1113600
1791125678.7922,4968,960,53375,306000000,1728000
1791125678.8423,4968,952,53656,306000000,1728000
1791125678.8924,4976,952,53562,306000000,1728000
1791125678.9425,4976,952,53593,306000000,1728000
1791125678.9926,4976,944,53468,306000000,1728000
1791125679.0427,4976,944,53500,306000000,1728000
1791125679.0927,4976,944,53406,306000000,1728000
1791125679.1428,4976,944,53531,306000000,1728000
1791125679.1929,4976,944,53562,306000000,1728000
1791125679.2430,4976,944,53500,306000000,1728000
1791125679.2931,4976,944,53593,306000000,1728000
1791125679.3431,4968,952,53500,306000000,1420800
1791125679.3932,4968,952,53593,306000000,1728000
1791125679.4433,4976,952,53437,306000000,1728000
1791125679.4934,4976,952,53562,306000000,1728000
1791125679.5435,4976,944,53468,306000000,1728000
1791125679.5936,4976,944,53593,306000000,1728000
1791125679.6436,4976,944,53437,306000000,1728000
1791125679.6937,4976,944,53437,306000000,1728000
1791125679.7438,4976,944,53625,306000000,1728000
1791125679.7939,4976,944,53531,306000000,1728000
1791125679.8440,4976,936,53562,306000000,1728000
1791125679.8941,4976,952,53500,306000000,1728000
1791125679.9441,4976,952,53500,306000000,1728000
1791125679.9942,4976,952,53468,306000000,1728000
1791125680.0443,4976,952,53562,306000000,1728000
1791125680.0944,4976,944,53500,306000000,1728000
1791125680.1445,4976,944,53468,306000000,1728000
1791125680.1945,4976,944,53531,306000000,1728000
1791125680.2446,4976,944,53468,306000000,1728000
1791125680.2947,4976,944,53593,306000000,1728000
1791125680.3448,4976,936,53531,306000000,1728000
1791125680.3949,4976,936,53531,306000000,1728000
1791125680.4450,4968,952,53468,306000000,1728000
1791125680.4950,4968,952,53531,306000000,1728000
1791125680.5451,4968,952,53375,306000000,1728000
1791125680.5952,4968,952,53468,306000000,1728000
1791125680.6453,4976,952,53593,306000000,1728000
1791125680.6953,4976,944,53531,306000000,1728000
1791125680.7454,4976,944,53593,306000000,1728000
1791125680.7955,4976,944,53437,306000000,1728000
1791125680.8456,4976,944,53562,306000000,1728000
1791125680.8956,4976,944,53468,306000000,1728000
1791125680.9457,4976,944,53500,306000000,1728000
1791125680.9958,4968,952,53468,306000000,1728000
1791125681.0459,4968,952,53500,306000000,1728000
1791125681.0960,4968,952,53593,306000000,1728000
1791125681.1461,4968,952,53406,306000000,1728000
1791125681.1962,4976,952,53625,306000000,1728000
1791125681.2462,4976,952,53500,306000000,1728000
1791125681.2963,4976,944,53562,306000000,1728000
1791125681.3464,4976,944,53406,306000000,1728000
1791125681.3965,4976,944,53468,306000000,1728000
1791125681.4465,4976,944,53500,306000000,1728000
1791125681.4966,4976,944,53468,306000000,1728000
1791125681.5467,4968,952,53531,306000000,1728000
1791125681.5968,4968,952,53468,306000000,1728000
1791125681.6469,4968,952,53562,306000000,1728000
1791125681.6970,4968,952,53468,306000000,1728000
1791125681.7470,4976,952,53593,306000000,1728000
1791125681.7971,4976,952,53468,306000000,1728000
1791125681.8472,4976,944,53500,306000000,1728000
1791125681.8973,4976,944,53437,306000000,1728000
1791125681.9474,4976,944,53437,306000000,1728000
1791125681.9975,4976,944,53593,306000000,1728000
1791125682.0475,4976,944,53468,306000000,1728000
1791125682.0976,4968,944,53593,306000000,1728000
1791125682.1477,4968,952,53468,306000000,1728000
1791125682.1978,4968,952,53531,306000000,1728000
1791125682.2479,4968,952,53437,306000000,1728000
1791125682.2980,4976,952,53562,306000000,1728000
1791125682.3480,4976,944,53468,306000000,1728000
1791125682.3981,4976,944,53500,306000000,1728000
1791125682.4482,4976,944,53562,306000000,1728000
1791125682.4983,4976,944,53437,306000000,1728000
1791125682.5483,4976,944,53593,306000000,1728000
1791125682.5984,4976,944,53500,306000000,1728000
1791125682.6485,4976,944,53593,306000000,1728000
1791125682.6986,4968,960,53500,306000000,1728000
1791125682.7487,4976,952,53500,306000000,1728000
1791125682.7988,4976,952,53468,306000000,1728000
1791125682.8488,4976,952,53562,306000000,1728000
1791125682.8989,4976,952,53625,306000000,1728000
1791125682.9490,4976,944,53468,306000000,1728000
1791125682.9991,4976,944,53593,306000000,1728000
1791125683.0492,4976,944,53531,306000000,1728000
1791125683.0992,4976,944,53500,306000000,1728000
1791125683.1493,4976,944,53437,306000000,1728000
1791125683.1994,4976,944,53562,306000000,1728000
1791125683.2495,4968,952,53375,306000000,1728000
1791125683.2996,4976,952,53531,306000000,1728000
1791125683.3497,4976,952,53625,306000000,1728000
1791125683.3997,4976,952,53531,306000000,1728000
1791125683.4498,4976,944,53593,306000000,1728000
1791125683.4999,4976,944,53500,306000000,1728000
1791125683.5500,4976,944,53531,306000000,1728000
1791125683.6001,4976,944,53437,306000000,1728000
1791125683.6501,4976,944,53531,306000000,1728000
1791125683.7002,4976,944,53406,306000000,1728000
1791125683.7503,4976,944,53437,306000000,1728000
1791125683.8004,4968,952,53375,306000000,1728000
1791125683.8505,4968,952,53562,306000000,1728000
1791125683.9006,4976,952,53593,306000000,1728000
1791125683.9506,4976,952,53500,306000000,1728000
1791125684.0007,4976,952,53562,306000000,1728000
1791125684.0508,4976,952,53437,306000000,1728000
1791125684.1009,4976,944,53500,306000000,1728000
1791125684.1510,4976,944,53281,306000000,1728000
1791125684.2010,4976,944,53531,306000000,1728000
1791125684.2511,4976,944,53437,306000000,1728000
1791125684.3012,4976,944,53500,306000000,1728000
1791125684.3513,4968,952,53593,306000000,1267200
1791125684.4014,4968,952,53468,306000000,1728000
1791125684.4515,4968,952,53562,306000000,1728000
1791125684.5015,4976,952,53500,306000000,1728000
1791125684.5516,4976,952,53531,306000000,1728000
1791125684.6017,4976,944,53468,306000000,1728000
1791125684.6518,4976,944,53437,306000000,1728000
1791125684.7019,4976,944,53437,306000000,1728000
1791125684.7519,4976,944,53500,306000000,1728000
1791125684.8020,4976,944,53593,306000000,1728000
1791125684.8521,4976,944,53468,306000000,1728000
1791125684.9022,4968,952,53531,306000000,1113600
1791125684.9523,4968,952,53406,306000000,1728000
1791125685.0024,4976,952,53562,306000000,1728000
1791125685.0525,4976,952,53468,306000000,1728000
1791125685.1025,4976,952,53531,306000000,1728000
1791125685.1526,4976,944,53468,306000000,1728000
1791125685.2027,4976,944,53406,306000000,1728000
1791125685.2527,4976,944,53593,306000000,1728000
1791125685.3028,4976,944,53468,306000000,1728000
1791125685.3529,4976,944,53562,306000000,1728000
1791125685.4030,4976,944,53500,306000000,1728000
1791125685.4530,4976,944,53562,306000000,1728000
1791125685.5031,4976,952,53437,306000000,1728000
1791125685.5532,4976,952,53500,306000000,1728000
1791125685.6033,4976,952,53406,306000000,1728000
1791125685.6534,4976,952,53562,306000000,1728000
1791125685.7035,4976,944,53593,306000000,1728000
1791125685.7536,4976,944,53468,306000000,1728000
1791125685.8037,4976,944,53531,306000000,1728000
1791125685.8537,4976,944,53531,306000000,1728000
1791125685.9038,4976,944,53468,306000000,1728000
1791125685.9539,4976,944,53343,306000000,1728000
1791125686.0040,4976,944,53562,306000000,1728000
1791125686.0541,4968,952,53406,306000000,1728000
1791125686.1042,4968,952,53500,306000000,1728000
1791125686.1543,4976,952,53500,306000000,1728000
1791125686.2043,4976,952,53437,306000000,1728000
1791125686.2544,4976,952,53562,306000000,1728000
1791125686.3045,4976,944,53406,306000000,1728000
1791125686.3546,4976,944,53562,306000000,1728000
1791125686.4047,4976,944,53437,306000000,1728000
1791125686.4547,4976,944,53468,306000000,1728000
1791125686.5048,4976,944,53406,306000000,1728000
1791125686.5549,4976,944,53437,306000000,1267200
1791125686.6050,4968,952,53625,306000000,1728000
1791125686.6551,4968,952,53375,306000000,1728000
1791125686.7052,4976,952,53593,306000000,1728000
1791125686.7553,4976,952,53468,306000000,1728000
1791125686.8053,4976,944,53468,306000000,1728000
1791125686.8554,4976,944,53468,306000000,1728000
1791125686.9055,4976,944,53562,306000000,1728000
1791125686.9556,4976,944,53312,306000000,1728000
1791125687.0057,4976,944,53406,306000000,1728000
1791125687.0557,4976,944,53562,306000000,1728000
1791125687.1058,4976,944,53437,306000000,1728000
1791125687.1559,4968,952,53593,306000000,1728000
1791125687.2060,4968,952,53437,306000000,1728000
1791125687.2561,4976,952,53500,306000000,1728000
1791125687.3062,4976,944,53437,306000000,1728000
1791125687.3562,4976,944,53468,306000000,1728000
1791125687.4063,4976,944,53437,306000000,1728000
1791125687.4564,4976,944,53531,306000000,1728000
1791125687.5065,4976,944,53593,306000000,1728000
1791125687.5566,4976,936,53406,306000000,1728000
1791125687.6067,4976,936,53593,306000000,1728000
1791125687.6567,4976,944,53406,306000000,1728000
1791125687.7068,4968,952,53593,306000000,1344000
1791125687.7569,4976,952,53500,306000000,1728000
1791125687.8070,4976,952,53500,306000000,1728000
1791125687.8571,4976,952,53406,306000000,1728000
1791125687.9072,4976,944,53468,306000000,1728000
1791125687.9572,4976,944,53562,306000000,1728000
1791125688.0073,4976,944,53343,306000000,1728000
1791125688.0574,4976,944,53531,306000000,1728000
1791125688.1075,4976,944,53375,306000000,1728000
1791125688.1576,4976,944,53500,306000000,1728000
1791125688.2076,4976,936,53406,306000000,1728000
1791125688.2577,4968,952,53468,306000000,1728000
1791125688.3078,4976,952,53406,306000000,1728000
1791125688.3579,4976,952,53500,306000000,1728000
1791125688.4080,4976,952,53500,306000000,1728000
1791125688.4580,4976,944,53406,306000000,1728000
1791125688.5081,4976,944,53625,306000000,1728000
1791125688.5582,4976,944,53437,306000000,1728000
1791125688.6083,4976,944,53531,306000000,1728000
1791125688.6584,4976,944,53406,306000000,1728000
1791125688.7085,4976,944,53406,306000000,1728000
1791125688.7586,4976,936,53437,306000000,1728000
1791125688.8086,4976,952,53500,306000000,1728000
1791125688.8587,4968,952,53437,306000000,1728000
1791125688.9088,4976,952,53343,306000000,1728000
1791125688.9589,4976,952,53593,306000000,1728000
1791125689.0089,4976,944,53468,306000000,1728000
1791125689.0590,4976,944,53531,306000000,1728000
1791125689.1091,4976,944,53500,306000000,1728000
1791125689.1592,4976,944,53468,306000000,1728000
1791125689.2093,4976,944,53406,306000000,1728000
1791125689.2593,4976,944,53343,306000000,1728000
1791125689.3094,4976,936,53375,306000000,1728000
1791125689.3595,4976,952,53500,306000000,1190400
1791125689.4096,4976,952,53562,306000000,1728000
1791125689.4597,4976,952,53406,306000000,1728000
1791125689.5098,4976,952,53437,306000000,1728000
1791125689.5598,4976,944,53406,306000000,1728000
1791125689.6099,4976,944,53593,306000000,1728000
1791125689.6600,4976,944,53343,306000000,1728000
1791125689.7101,4976,944,53437,306000000,1728000
1791125689.7602,4976,944,53375,306000000,1728000
1791125689.8103,4976,944,53437,306000000,1728000
1791125689.8603,4976,944,53593,306000000,1728000
1791125689.9104,4968,952,53437,306000000,1728000
1791125689.9605,4968,960,53562,306000000,1728000
1791125690.0106,4968,952,53468,306000000,1728000
1791125690.0607,4976,952,53468,306000000,1728000
1791125690.1107,4976,952,53468,306000000,1728000
1791125690.1608,4976,944,53406,306000000,1728000
1791125690.2109,4976,944,53375,306000000,1728000
1791125690.2610,4976,944,53406,306000000,1728000
1791125690.3110,4976,944,53593,306000000,1728000
1791125690.3611,4976,944,53437,306000000,1728000
1791125690.4112,4976,944,53531,306000000,1728000
1791125690.4613,4976,944,53406,306000000,1728000
1791125690.5114,4968,952,53500,306000000,1728000
1791125690.5615,4976,952,53406,306000000,1728000
1791125690.6115,4976,952,53531,306000000,1728000
1791125690.6616,4976,952,53437,306000000,1728000
1791125690.7117,4976,944,53500,306000000,1728000
1791125690.7618,4976,944,53500,306000000,1728000
1791125690.8119,4976,944,53468,306000000,1728000
1791125690.8619,4976,944,53562,306000000,1728000
1791125690.9120,4976,944,53437,306000000,1728000
1791125690.9621,4976,944,53468,306000000,1728000
1791125691.0122,4976,944,53406,306000000,1728000
1791125691.0623,4968,960,53437,306000000,1728000
1791125691.1123,4976,952,53468,306000000,1728000
1791125691.1624,4976,952,53500,306000000,1728000
1791125691.2125,4976,952,53531,306000000,1728000
1791125691.2626,4976,944,53343,306000000,1728000
1791125691.3127,4976,944,53562,306000000,1728000
1791125691.3627,4976,944,53375,306000000,1728000
1791125691.4128,4976,944,53500,306000000,1728000
1791125691.4629,4976,944,53375,306000000,1728000
1791125691.5130,4976,936,53406,306000000,1728000
1791125691.5631,4976,944,53375,306000000,1190400
1791125691.6132,4968,952,53437,306000000,1728000
1791125691.6632,4968,952,53531,306000000,1728000
1791125691.7133,4976,952,53375,306000000,1728000
1791125691.7634,4976,944,53593,306000000,1728000
1791125691.8135,4976,944,53312,306000000,1728000
1791125691.8636,4976,944,53531,306000000,1728000
1791125691.9137,4976,944,53375,306000000,1728000
1791125691.9637,4976,944,53500,306000000,1728000
1791125692.0138,4976,944,53406,306000000,1728000
1791125692.0639,4976,944,53406,306000000,1728000
1791125692.1140,4976,944,53437,306000000,1728000
1791125692.1640,4968,952,53312,306000000,1728000
1791125692.2141,4968,952,53562,306000000,1728000
1791125692.2642,4976,952,53375,306000000,1728000
1791125692.3143,4976,952,53562,306000000,1728000
1791125692.3644,4976,944,53406,306000000,1728000
1791125692.4144,4976,944,53500,306000000,1728000
1791125692.4645,4976,944,53343,306000000,1728000
1791125692.5146,4976,944,53406,306000000,1728000
1791125692.5647,4976,944,53593,306000000,1728000
1791125692.6148,4976,944,53343,306000000,1728000
1791125692.6648,4976,944,53500,306000000,1728000
1791125692.7149,4968,952,53406,306000000,1344000
1791125692.7650,4968,952,53593,306000000,1728000
1791125692.8151,4968,952,53343,306000000,1728000
1791125692.8652,4976,952,53406,306000000,1728000
1791125692.9153,4976,952,53437,306000000,1728000
1791125692.9653,4976,944,53468,306000000,1728000
1791125693.0154,4976,944,53375,306000000,1728000
1791125693.0655,4976,944,53375,306000000,1728000
1791125693.1156,4976,944,53531,306000000,1728000
1791125693.1657,4976,944,53375,306000000,1728000
1791125693.2157,4976,944,53562,306000000,1728000
1791125693.2658,4968,952,53437,306000000,1728000
1791125693.3159,4968,952,53562,306000000,1728000
1791125693.3660,4968,952,53343,306000000,1728000
1791125693.4161,4976,952,53437,306000000,1728000
1791125693.4662,4976,944,53375,306000000,1728000
1791125693.5162,4976,944,53500,306000000,1728000
1791125693.5663,4976,944,53593,306000000,1728000
1791125693.6164,4976,944,53468,306000000,1728000
1791125693.6665,4976,944,53531,306000000,1728000
1791125693.7166,4976,944,53343,306000000,1728000
1791125693.7666,4976,936,53406,306000000,1728000
1791125693.8167,4968,952,53343,306000000,1728000
1791125693.8668,4968,952,53468,306000000,1728000
1791125693.9169,4968,952,53343,306000000,1728000
1791125693.9670,4976,952,53468,306000000,1728000
1791125694.0171,4976,952,53531,306000000,1728000
1791125694.0672,4976,944,53343,306000000,1728000
1791125694.1172,4976,944,53562,306000000,1728000
1791125694.1673,4976,944,53375,306000000,1728000
1791125694.2174,4976,944,53500,306000000,1728000
1791125694.2675,4976,936,53375,306000000,1728000
1791125694.3176,4976,936,53437,306000000,1728000
1791125694.3677,4976,944,53343,306000000,1728000
1791125694.4177,4968,952,53437,306000000,1728000
1791125694.4678,4976,952,53562,306000000,1728000
1791125694.5179,4976,952,53437,306000000,1728000
1791125694.5680,4976,952,53562,306000000,1728000
1791125694.6181,4976,944,53406,306000000,1728000
1791125694.6682,4976,944,53531,306000000,1728000
1791125694.7183,4976,944,53406,306000000,1728000
1791125694.7683,4976,944,53531,306000000,1728000
1791125694.8184,4976,936,53281,306000000,1728000
1791125694.8685,4976,936,53500,306000000,1728000
1791125694.9186,4976,944,53593,306000000,1728000
1791125694.9687,4968,952,53343,306000000,1728000
1791125695.0188,4976,952,53562,306000000,1728000
1791125695.0688,4976,952,53375,306000000,1728000
1791125695.1189,4976,952,53406,306000000,1728000
1791125695.1690,4976,944,53375,306000000,1728000
1791125695.2191,4976,944,53500,306000000,1728000
1791125695.2691,4976,944,53312,306000000,1728000
1791125695.3192,4976,944,53468,306000000,1728000
1791125695.3693,4976,944,53531,306000000,1728000
1791125695.4194,4976,944,53343,306000000,1728000
1791125695.4694,4976,944,53500,306000000,1728000
1791125695.5195,4968,952,53343,306000000,1728000
1791125695.5696,4968,952,53500,306000000,1728000
1791125695.6197,4976,952,53375,306000000,1728000
1791125695.6698,4976,952,53375,306000000,1728000
1791125695.7199,4976,944,53343,306000000,1728000
1791125695.7699,4976,944,53406,306000000,1728000
1791125695.8200,4976,944,53500,306000000,1728000
1791125695.8701,4976,944,53406,306000000,1728000
1791125695.9202,4976,944,53593,306000000,1728000
1791125695.9703,4976,944,53437,306000000,1728000
1791125696.0203,4976,944,53468,306000000,1728000
1791125696.0704,4968,960,53343,306000000,1728000
1791125696.1205,4968,952,53500,306000000,1728000
1791125696.1706,4976,952,53375,306000000,1728000
1791125696.2207,4976,952,53500,306000000,1728000
1791125696.2708,4976,944,53593,306000000,1728000
1791125696.3208,4976,944,53312,306000000,1728000
1791125696.3709,4976,944,53531,306000000,1728000
1791125696.4210,4976,944,53281,306000000,1728000
1791125696.4711,4976,944,53531,306000000,1728000
1791125696.5211,4976,936,53343,306000000,1728000
1791125696.5712,4976,936,53437,306000000,1113600
1791125696.6213,4968,952,53312,306000000,1728000
1791125696.6714,4968,952,53437,306000000,1728000
1791125696.7215,4976,952,53593,306000000,1728000
1791125696.7716,4976,952,53437,306000000,1728000
1791125696.8216,4976,944,53500,306000000,1728000
1791125696.8717,4976,944,53281,306000000,1728000
1791125696.9218,4976,944,53468,306000000,1728000
1791125696.9719,4976,944,53281,306000000,1728000
1791125697.0220,4976,944,53468,306000000,1728000
1791125697.0720,4976,936,53281,306000000,1728000
1791125697.1221,4976,936,53375,306000000,1728000
1791125697.1722,4968,952,53437,306000000,1728000
1791125697.2223,4968,952,53343,306000000,1728000
1791125697.2724,4976,952,53531,306000000,1728000
1791125697.3224,4976,944,53375,306000000,1728000
1791125697.3725,4976,944,53437,306000000,1728000
1791125697.4226,4976,944,53343,306000000,1728000
1791125697.4727,4976,944,53531,306000000,1728000
1791125697.5228,4976,936,53343,306000000,1728000
1791125697.5728,4976,936,53406,306000000,1728000
1791125697.6229,4976,936,53406,306000000,1728000
1791125697.6730,4976,936,53437,306000000,1728000
1791125697.7231,4976,944,53531,306000000,1728000
1791125697.7732,4968,952,53375,306000000,1728000
1791125697.8232,4976,952,53468,306000000,1728000
1791125697.8733,4976,944,53375,306000000,1728000
1791125697.9234,4976,944,53468,306000000,1728000
1791125697.9735,4976,944,53406,306000000,1728000
1791125698.0236,4976,944,53531,306000000,1728000
1791125698.0737,4976,944,53312,306000000,1728000
1791125698.1237,4976,944,53406,306000000,1728000
1791125698.1738,4976,944,53500,306000000,1728000
1791125698.2239,4976,936,53375,306000000,1728000
1791125698.2740,4976,944,53500,306000000,1728000
1791125698.3241,4976,952,53437,306000000,1728000
1791125698.3742,4976,952,53406,306000000,1728000
1791125698.4242,4976,952,53281,306000000,1728000
1791125698.4743,4976,944,53437,306000000,1728000
1791125698.5244,4976,944,53343,306000000,1728000
1791125698.5745,4976,944,53343,306000000,1728000
1791125698.6246,4976,944,53593,306000000,1728000
1791125698.6747,4976,944,53437,306000000,1728000
1791125698.7247,4976,944,53531,306000000,1728000
1791125698.7748,4976,936,53343,306000000,1728000
1791125698.8249,4976,944,53437,306000000,1728000
1791125698.8750,4968,952,53312,306000000,1728000
1791125698.9251,4976,952,53406,306000000,1728000
1791125698.9751,4976,952,53312,306000000,1728000
1791125699.0252,4976,944,53343,306000000,1728000
1791125699.0753,4976,944,53468,306000000,1728000
1791125699.1254,4976,944,53437,306000000,1728000
1791125699.1755,4976,944,53468,306000000,1728000
1791125699.2255,4976,944,53343,306000000,1728000
1791125699.2756,4976,944,53406,306000000,1728000
1791125699.3257,4976,944,53343,306000000,1728000
1791125699.3758,4976,944,53437,306000000,1728000
1791125699.4258,4968,952,53312,306000000,1728000
1791125699.4759,4976,952,53406,306000000,1728000
1791125699.5260,4976,952,53312,306000000,1728000
1791125699.5761,4976,952,53437,306000000,1728000
1791125699.6262,4976,944,53531,306000000,1728000
1791125699.6763,4976,944,53343,306000000,1728000
1791125699.7263,4976,944,53375,306000000,1728000
1791125699.7764,4976,944,53250,306000000,1728000
1791125699.8265,4976,944,53406,306000000,1728000
1791125699.8766,4976,944,53312,306000000,1728000
1791125699.9267,4976,944,53437,306000000,1190400
1791125699.9768,4968,952,53281,306000000,1728000
1791125700.0268,4976,952,53343,306000000,1728000
1791125700.0769,4976,952,53531,306000000,1728000
1791125700.1270,4976,952,53312,306000000,1728000
1791125700.1771,4976,952,53437,306000000,1728000
1791125700.2272,4976,944,53312,306000000,1728000
1791125700.2773,4976,944,53406,306000000,1728000
1791125700.3273,4976,944,53250,306000000,1728000
1791125700.3774,4976,944,53437,306000000,1728000
1791125700.4275,4976,944,53312,306000000,1728000
1791125700.4776,4976,944,53375,306000000,1113600
1791125700.5277,4968,960,53437,306000000,1728000
1791125700.5777,4976,952,53312,306000000,1728000
1791125700.6278,4976,952,53468,306000000,1728000
1791125700.6779,4976,952,53281,306000000,1728000
1791125700.7280,4976,944,53343,306000000,1728000
1791125700.7781,4976,944,53343,306000000,1728000
1791125700.8281,4976,944,53375,306000000,1728000
1791125700.8782,4976,944,53312,306000000,1728000
1791125700.9283,4976,944,53343,306000000,1728000
1791125700.9784,4976,944,53468,306000000,1728000
1791125701.0285,4976,936,53343,306000000,1728000
1791125701.0786,4968,952,53468,306000000,1728000
1791125701.1286,4968,952,53343,306000000,729600
1791125701.1787,4976,952,53406,306000000,1728000
1791125701.2288,4976,952,53250,306000000,1728000
1791125701.2789,4976,952,53468,306000000,1728000
1791125701.3289,4976,944,53343,306000000,1728000
1791125701.3790,4976,944,53250,306000000,1728000
1791125701.4291,4976,944,53437,306000000,1728000
1791125701.4792,4976,944,53343,306000000,1728000
1791125701.5292,4976,944,53531,306000000,1728000
1791125701.5793,4976,936,53312,306000000,1728000
1791125701.6294,4968,952,53437,306000000,1728000
1791125701.6795,4968,952,53312,306000000,1728000
1791125701.7295,4976,952,53281,306000000,1728000
1791125701.7796,4976,952,53343,306000000,1728000
1791125701.8297,4976,944,53437,306000000,1728000
1791125701.8798,4976,944,53343,306000000,1728000
1791125701.9299,4976,944,53375,306000000,1728000
1791125701.9799,4976,944,53468,306000000,1728000
1791125702.0300,4976,936,53312,306000000,1728000
1791125702.0801,4976,936,53406,306000000,1728000
1791125702.1302,4976,936,53312,306000000,1728000
1791125702.1803,4976,944,53343,306000000,1728000
1791125702.2303,4976,952,53250,306000000,1728000
1791125702.2804,4976,952,53312,306000000,1728000
1791125702.3305,4976,952,53343,306000000,1728000
1791125702.3806,4976,944,53437,306000000,1728000
1791125702.4306,4976,944,53468,306000000,1728000
1791125702.4807,4976,944,53312,306000000,1728000
1791125702.5308,4976,944,53468,306000000,1728000
1791125702.5809,4976,944,53312,306000000,1728000
1791125702.6309,4976,936,53343,306000000,1728000
1791125702.6810,4976,936,53312,306000000,1728000
1791125702.7311,4976,944,53343,306000000,1728000
1791125702.7812,4976,952,53250,306000000,1728000
1791125702.8313,4976,952,53343,306000000,1728000
1791125702.8813,4976,952,53437,306000000,1728000
1791125702.9314,4976,944,53312,306000000,1728000
1791125702.9815,4976,944,53406,306000000,1728000
1791125703.0316,4976,944,53312,306000000,729600
1791125703.0817,4976,944,53500,306000000,1728000
1791125703.1317,4976,944,53218,306000000,1728000
1791125703.1818,4976,944,53343,306000000,1728000
1791125703.2319,4976,936,53312,306000000,1728000
1791125703.2820,4976,944,53281,306000000,1728000
1791125703.3321,4976,952,53468,306000000,1728000
1791125703.3822,4976,952,53375,306000000,1728000
1791125703.4322,4976,952,53406,306000000,1728000
1791125703.4823,4976,944,53312,306000000,1728000
1791125703.5324,4976,944,53375,306000000,1728000
1791125703.5825,4976,944,53312,306000000,1728000
1791125703.6325,4976,944,53375,306000000,1728000
1791125703.6826,4976,944,53250,306000000,1728000
1791125703.7327,4976,936,53343,306000000,1728000
1791125703.7828,4976,936,53468,306000000,1728000
1791125703.8329,4976,944,53312,306000000,1728000
1791125703.8830,4968,952,53406,306000000,1728000
1791125703.9330,4976,952,53375,306000000,1728000
1791125703.9831,4976,952,53406,306000000,1728000
1791125704.0332,4976,944,53312,306000000,1728000
1791125704.0833,4976,944,53375,306000000,1728000
1791125704.1333,4976,944,53281,306000000,1728000
1791125704.1834,4976,944,53343,306000000,1728000
1791125704.2335,4976,944,53343,306000000,1728000
1791125704.2836,4976,944,53343,306000000,1728000
1791125704.3337,4976,936,53312,306000000,1728000
1791125704.3837,4976,944,53281,306000000,1728000
1791125704.4338,4968,952,53343,306000000,1728000
1791125704.4839,4968,952,53187,306000000,1728000
1791125704.5340,4976,952,53343,306000000,1728000
1791125704.5841,4976,952,53312,306000000,1728000
1791125704.6342,4976,952,53343,306000000,1728000
1791125704.6842,4976,944,53218,306000000,1728000
1791125704.7343,4976,944,53343,306000000,1728000
1791125704.7844,4976,944,53375,306000000,1728000
1791125704.8345,4976,944,53312,306000000,1728000
1791125704.8845,4976,944,53343,306000000,1728000
1791125704.9346,4976,936,53187,306000000,1728000
1791125704.9847,4968,952,53343,306000000,1728000
1791125705.0348,4976,952,53250,306000000,1728000
1791125705.0849,4976,952,53312,306000000,1728000
1791125705.1350,4976,952,53218,306000000,1728000
1791125705.1851,4976,944,53375,306000000,1728000
1791125705.2351,4976,944,53406,306000000,1728000
1791125705.2852,4976,944,53218,306000000,1728000
1791125705.3353,4976,944,53343,306000000,1728000
1791125705.3854,4976,944,53187,306000000,1728000
1791125705.4355,4976,944,53406,306000000,1728000
1791125705.4855,4976,936,53281,306000000,1728000
1791125705.5356,4976,952,53343,306000000,1728000
1791125705.5857,4976,952,53125,306000000,1728000
1791125705.6358,4976,952,53343,306000000,1728000
1791125705.6859,4976,952,53406,306000000,1728000
1791125705.7359,4976,944,53187,306000000,1728000
1791125705.7860,4976,944,53375,306000000,1728000
1791125705.8361,4976,944,53250,306000000,1728000
1791125705.8862,4976,944,53406,306000000,1728000
1791125705.9363,4976,944,53218,306000000,1728000
1791125705.9863,4976,944,53250,306000000,1728000
1791125706.0364,4976,936,53250,306000000,1728000
1791125706.0865,4976,952,53281,306000000,1190400
1791125706.1366,4976,952,53468,306000000,1728000
1791125706.1867,4976,952,53281,306000000,1728000
1791125706.2367,4976,952,53343,306000000,1728000
1791125706.2868,4976,952,53281,306000000,1728000
1791125706.3369,4976,944,53312,306000000,1728000
1791125706.3870,4976,944,53156,306000000,1728000
1791125706.4371,4976,944,53281,306000000,1728000
1791125706.4871,4976,944,53187,306000000,1728000
1791125706.5372,4976,944,53281,306000000,1728000
1791125706.5873,4976,936,53187,306000000,1728000
1791125706.6374,4976,944,53187,306000000,1728000
1791125706.6875,4968,952,53312,306000000,1728000
1791125706.7376,4976,952,53343,306000000,1728000
1791125706.7876,4976,952,53343,306000000,1728000
1791125706.8377,4976,944,53281,306000000,1728000
1791125706.8878,4976,944,53218,306000000,1728000
1791125706.9379,4976,944,53281,306000000,1728000
1791125706.9880,4976,944,53250,306000000,1728000
1791125707.0380,4976,944,53156,306000000,1728000
1791125707.0881,4976,936,53250,306000000,1728000
1791125707.1382,4976,936,53375,306000000,1728000
1791125707.1883,4976,944,53218,306000000,1728000
1791125707.2384,4976,952,53312,306000000,1728000
1791125707.2884,4976,952,53312,306000000,729600
1791125707.3385,4976,952,53281,306000000,1728000
1791125707.3886,4976,952,53250,306000000,1728000
1791125707.4387,4976,944,53250,306000000,1728000
1791125707.4888,4976,944,53187,306000000,1728000
1791125707.5388,4976,944,53250,306000000,1728000
1791125707.5889,4976,944,53437,306000000,1728000
1791125707.6390,4976,944,53156,306000000,1728000
1791125707.6891,4976,936,53343,306000000,1728000
1791125707.7391,4976,944,53281,306000000,1267200
1791125707.7892,4968,952,53250,306000000,1728000
1791125707.8393,4968,952,53187,306000000,1728000
1791125707.8894,4976,952,53281,306000000,1728000
1791125707.9395,4976,952,53312,306000000,1728000
1791125707.9895,4976,944,53250,306000000,1728000
1791125708.0396,4976,944,53343,306000000,1728000
1791125708.0897,4976,944,53312,306000000,1728000
1791125708.1398,4976,944,53343,306000000,1728000
1791125708.1898,4976,936,53218,306000000,1728000
1791125708.2399,4976,936,53250,306000000,1728000
1791125708.2900,4976,944,53250,306000000,1728000
1791125708.3401,4968,960,53312,306000000,1728000
1791125708.3902,4968,952,53187,306000000,1728000
1791125708.4402,4968,952,53375,306000000,1728000
1791125708.4903,4976,944,53406,306000000,1728000
1791125708.5404,4976,944,53312,306000000,1728000
1791125708.5905,4976,944,53343,306000000,1728000
1791125708.6406,4976,944,53218,306000000,1728000
1791125708.6906,4976,944,53250,306000000,1728000
1791125708.7407,4976,944,53281,306000000,1728000
1791125708.7908,4976,936,53187,306000000,1728000
1791125708.8409,4976,944,53125,306000000,1728000
1791125708.8910,4968,952,53218,306000000,1728000
1791125708.9410,4968,952,53468,306000000,1728000
1791125708.9911,4976,952,53156,306000000,1728000
1791125709.0412,4976,944,53343,306000000,1728000
1791125709.0913,4976,944,53218,306000000,1728000
1791125709.1413,4976,944,53312,306000000,1728000
1791125709.1914,4976,944,53218,306000000,1728000
1791125709.2415,4976,936,53312,306000000,1728000
1791125709.2916,4976,944,53250,306000000,1728000
1791125709.3417,4976,936,53281,306000000,1728000
1791125709.3917,4976,936,53406,306000000,1728000
1791125709.4418,4968,952,53218,306000000,1728000
1791125709.4919,4968,952,53343,306000000,1728000
1791125709.5420,4976,952,53218,306000000,1728000
1791125709.5921,4976,944,53375,306000000,1728000
1791125709.6422,4976,944,53125,306000000,1728000
1791125709.6922,4976,944,53281,306000000,1728000
1791125709.7423,4976,944,53187,306000000,1728000
1791125709.7924,4976,944,53250,306000000,1728000
1791125709.8424,4976,944,53406,306000000,1728000
1791125709.8925,4976,936,53187,306000000,1728000
1791125709.9426,4976,936,53375,306000000,1728000
1791125709.9927,4968,952,53187,306000000,1728000
1791125710.0428,4968,952,53343,306000000,1728000
1791125710.0929,4968,952,53156,306000000,1728000
1791125710.1429,4976,944,53281,306000000,1728000
1791125710.1930,4976,944,53187,306000000,1728000
1791125710.2431,4968,944,53250,306000000,1728000
1791125710.2932,4976,944,53125,306000000,1728000
1791125710.3432,4976,944,53187,306000000,1728000
1791125710.3933,4976,944,53343,306000000,1728000
1791125710.4434,4976,944,53250,306000000,1728000
1791125710.4935,4976,944,53343,306000000,1728000
1791125710.5436,4968,952,53187,306000000,1728000
1791125710.5936,4968,952,53250,306000000,1728000
1791125710.6437,4968,952,53125,306000000,1728000
1791125710.6938,4976,952,53281,306000000,1728000
1791125710.7439,4976,944,53281,306000000,1728000
1791125710.7939,4976,944,53250,306000000,1728000
1791125710.8440,4976,944,53250,306000000,1728000
1791125710.8941,4976,944,53156,306000000,1728000
1791125710.9442,4976,944,53312,306000000,1728000
1791125710.9943,4976,936,53218,306000000,1728000
1791125711.0443,4976,936,53250,306000000,1728000
1791125711.0944,4968,944,53218,306000000,1190400
1791125711.1445,4968,952,53250,306000000,1728000
1791125711.1946,4968,952,53125,306000000,1728000
1791125711.2447,4968,944,53187,306000000,1728000
1791125711.2947,4976,944,53281,306000000,1728000
1791125711.3448,4976,944,53218,306000000,1728000
1791125711.3949,4976,944,53281,306000000,1728000
1791125711.4450,4976,944,53250,306000000,1728000
1791125711.4951,4976,944,53281,306000000,1728000
1791125711.5451,4976,944,53156,306000000,1728000
1791125711.5952,4976,936,53218,306000000,1728000
1791125711.6453,4968,944,53187,306000000,1728000
1791125711.6954,4968,960,53125,306000000,1728000
1791125711.7455,4968,952,53312,306000000,1728000
1791125711.7955,4976,952,53218,306000000,1728000
1791125711.8456,4976,952,53281,306000000,1728000
1791125711.8957,4976,944,53187,306000000,1728000
1791125711.9458,4976,944,53250,306000000,1728000
1791125711.9959,4976,944,53187,306000000,1728000
1791125712.0459,4976,944,53218,306000000,1728000
1791125712.0960,4976,944,53218,306000000,1728000
1791125712.1461,4976,936,53281,306000000,1728000
1791125712.1962,4968,944,53312,306000000,1728000
1791125712.2463,4968,952,53187,306000000,1728000
1791125712.2963,4968,952,53343,306000000,1728000
1791125712.3464,4968,952,53250,306000000,1728000
1791125712.3965,4976,952,53218,306000000,1728000
1791125712.4466,4976,944,53187,306000000,1728000
1791125712.4967,4976,944,53343,306000000,1728000
1791125712.5467,4976,944,53187,306000000,1728000
1791125712.5968,4976,944,53187,306000000,1728000
1791125712.6469,4976,936,53312,306000000,1728000
1791125712.6970,4976,936,53218,306000000,1728000
1791125712.7471,4968,944,53312,306000000,1728000
1791125712.7971,4968,952,53156,306000000,1728000
1791125712.8472,4968,952,53187,306000000,1728000
1791125712.8973,4976,952,53156,306000000,1728000
1791125712.9474,4976,952,53250,306000000,1728000
1791125712.9975,4976,944,53250,306000000,1728000
1791125713.0476,4976,944,53187,306000000,1728000
1791125713.0976,4976,944,53343,306000000,1728000
1791125713.1477,4976,944,53218,306000000,1728000
1791125713.1978,4976,936,53343,306000000,1728000
1791125713.2479,4976,936,53187,306000000,1728000
1791125713.2980,4976,944,53281,306000000,1728000
1791125713.3481,4968,952,53218,306000000,729600
1791125713.3982,4968,952,53312,306000000,1728000
1791125713.4482,4976,952,53125,306000000,1728000
1791125713.4983,4976,952,53218,306000000,1728000
1791125713.5484,4976,952,53281,306000000,1728000
1791125713.5985,4976,944,53125,306000000,1728000
1791125713.6486,4976,944,53281,306000000,1728000
1791125713.6986,4976,944,53218,306000000,1728000
1791125713.7487,4976,944,53218,306000000,1728000
1791125713.7988,4976,944,53156,306000000,1728000
1791125713.8489,4976,944,53156,306000000,1728000
1791125713.8989,4968,952,53125,306000000,1420800
1791125713.9490,4968,952,53250,306000000,1728000
1791125713.9991,4976,952,53312,306000000,1728000
1791125714.0492,4976,952,53187,306000000,1728000
1791125714.0993,4976,944,53281,306000000,1728000
1791125714.1493,4976,944,53093,306000000,1728000
1791125714.1994,4976,944,53250,306000000,1728000
1791125714.2495,4976,944,53187,306000000,1728000
1791125714.2996,4976,936,53250,306000000,1728000
1791125714.3496,4976,936,53125,306000000,1728000
1791125714.3997,4976,936,53187,306000000,1728000
1791125714.4498,4968,952,53375,306000000,1728000
1791125714.4999,4968,952,53156,306000000,1728000
1791125714.5500,4976,952,53281,306000000,1728000
1791125714.6000,4976,952,53156,306000000,1728000
1791125714.6501,4976,944,53250,306000000,1728000
1791125714.7002,4976,944,53156,306000000,1728000
1791125714.7503,4976,944,53187,306000000,1728000
1791125714.8004,4976,944,53187,306000000,1728000
1791125714.8504,4976,944,53187,306000000,1728000
1791125714.9005,4976,936,53250,306000000,1728000
1791125714.9506,4976,936,53187,306000000,1728000
1791125715.0007,4968,952,53281,306000000,1728000
1791125715.0508,4968,952,53218,306000000,1728000
1791125715.1009,4976,952,53281,306000000,1728000
1791125715.1509,4976,952,53093,306000000,1728000
1791125715.2010,4976,944,53281,306000000,1728000
1791125715.2511,4976,944,53156,306000000,1728000
1791125715.3012,4976,944,53218,306000000,1728000
1791125715.3513,4976,944,53375,306000000,1728000
1791125715.4013,4976,944,53187,306000000,1728000
1791125715.4514,4976,944,53250,306000000,1728000
1791125715.5015,4976,944,53187,306000000,1728000
1791125715.5516,4976,952,53312,306000000,1190400
1791125715.6017,4976,952,53156,306000000,1728000
1791125715.6518,4976,952,53218,306000000,1728000
1791125715.7018,4976,952,53187,306000000,1728000
1791125715.7519,4976,952,53156,306000000,1728000
1791125715.8020,4976,944,53187,306000000,1728000
1791125715.8521,4976,944,53218,306000000,1728000
1791125715.9022,4976,944,53250,306000000,1728000
1791125715.9522,4976,944,53218,306000000,1728000
1791125716.0023,4976,936,53343,306000000,1728000
1791125716.0524,4976,936,53125,306000000,1728000
1791125716.1025,4976,944,53281,306000000,1728000
1791125716.1526,4976,952,53156,306000000,1728000
1791125716.2027,4976,952,53218,306000000,1728000
1791125716.2527,4976,952,53156,306000000,1728000
1791125716.3028,4976,944,53187,306000000,1728000
1791125716.3529,4976,944,53406,306000000,1728000
1791125716.4030,4976,944,53187,306000000,1728000
1791125716.4531,4976,944,53312,306000000,1728000
1791125716.5032,4976,944,53125,306000000,1728000
1791125716.5532,4976,944,53187,306000000,1728000
1791125716.6033,4976,944,53125,306000000,1728000
1791125716.6534,4976,944,53218,306000000,1728000
1791125716.7035,4968,960,53156,306000000,1728000
1791125716.7536,4976,952,53218,306000000,1728000
1791125716.8037,4976,952,53281,306000000,1728000
1791125716.8538,4976,952,53125,306000000,1728000
1791125716.9038,4976,944,53250,306000000,1728000
1791125716.9539,4976,944,53125,306000000,1728000
1791125717.0040,4976,944,53250,306000000,1728000
1791125717.0541,4976,944,53125,306000000,1728000
1791125717.1042,4976,944,53218,306000000,1728000
1791125717.1542,4976,936,53125,306000000,1728000
1791125717.2043,4976,944,53187,306000000,1728000
1791125717.2544,4976,952,53406,306000000,1728000
1791125717.3045,4976,952,53250,306000000,1728000
1791125717.3546,4976,952,53281,306000000,1728000
1791125717.4047,4976,952,53156,306000000,1728000
1791125717.4547,4976,944,53218,306000000,1728000
1791125717.5048,4976,944,53125,306000000,1728000
1791125717.5549,4976,944,53187,306000000,1728000
1791125717.6050,4976,944,53125,306000000,1728000
1791125717.6551,4976,944,53156,306000000,1728000
1791125717.7052,4976,944,53250,306000000,1728000
1791125717.7552,4976,944,53125,306000000,1190400
1791125717.8053,4976,952,53281,306000000,1728000
1791125717.8554,4976,952,53125,306000000,1728000
1791125717.9055,4976,952,53218,306000000,1728000
1791125717.9556,4976,952,53125,306000000,1728000
1791125718.0057,4976,944,53281,306000000,1728000
1791125718.0557,4976,944,53156,306000000,1728000
1791125718.1058,4976,944,53218,306000000,1728000
1791125718.1559,4976,944,53312,306000000,1728000
1791125718.2060,4976,944,53156,306000000,1728000
1791125718.2561,4976,936,53281,306000000,1728000
1791125718.3062,4976,936,53125,306000000,1728000
1791125718.3562,4968,952,53250,306000000,1728000
1791125718.4063,4976,952,53125,306000000,1728000
1791125718.4564,4976,952,53156,306000000,1728000
1791125718.5065,4976,952,53125,306000000,1728000
1791125718.5566,4976,944,53281,306000000,1728000
1791125718.6067,4976,944,53343,306000000,1728000
1791125718.6568,4976,944,53156,306000000,1728000
1791125718.7068,4976,944,53375,306000000,1728000
1791125718.7569,4976,944,53187,306000000,1728000
1791125718.8070,4976,944,53281,306000000,1728000
1791125718.8571,4976,936,53187,306000000,1728000
1791125718.9072,4968,952,53250,306000000,1728000
1791125718.9573,4968,952,53156,306000000,1728000
1791125719.0073,4968,952,53218,306000000,1728000
1791125719.0574,4976,952,53343,306000000,1728000
1791125719.1075,4976,944,53125,306000000,1728000
1791125719.1576,4976,944,53343,306000000,1728000
1791125719.2077,4976,944,53187,306000000,1728000
1791125719.2577,4976,944,53281,306000000,1728000
1791125719.3078,4976,944,53125,306000000,1728000
1791125719.3579,4976,936,53218,306000000,1728000
1791125719.4080,4976,936,53125,306000000,1728000
1791125719.4581,4968,952,53218,306000000,1728000
1791125719.5081,4968,952,53125,306000000,1728000
1791125719.5582,4968,952,53187,306000000,1728000
1791125719.6083,4968,952,53312,306000000,1728000
1791125719.6584,4976,952,53125,306000000,1728000
1791125719.7085,4976,944,53312,306000000,1728000
1791125719.7586,4976,944,53125,306000000,1728000
1791125719.8086,4976,944,53218,306000000,1728000
1791125719.8587,4976,944,53125,306000000,1728000
1791125719.9088,4976,944,53218,306000000,1728000
1791125719.9589,4976,936,53156,306000000,1728000
1791125720.0090,4968,952,53156,306000000,1728000
1791125720.0591,4968,952,53281,306000000,1728000
1791125720.1091,4968,952,53156,306000000,1728000
1791125720.1592,4976,952,53281,306000000,1728000
1791125720.2093,4976,944,53218,306000000,1728000
1791125720.2594,4976,944,53156,306000000,1728000
1791125720.3094,4976,944,53187,306000000,1728000
1791125720.3595,4976,944,53187,306000000,1728000
1791125720.4096,4976,936,53156,306000000,1728000
1791125720.4597,4976,936,53125,306000000,1728000
1791125720.5098,4976,936,53312,306000000,1728000
1791125720.5599,4968,944,53125,306000000,1728000
1791125720.6100,4968,952,53312,306000000,1728000
1791125720.6600,4976,952,53156,306000000,1728000
1791125720.7101,4976,952,53281,306000000,1728000
1791125720.7602,4976,944,53093,306000000,1728000
1791125720.8103,4976,944,53156,306000000,1728000
1791125720.8604,4976,944,53125,306000000,1728000
1791125720.9104,4976,944,53187,306000000,1728000
1791125720.9605,4976,936,53343,306000000,1728000
1791125721.0106,4976,936,53125,306000000,1728000
1791125721.0607,4976,936,53281,306000000,1728000
1791125721.1107,4976,944,53187,306000000,1344000
1791125721.1608,4968,952,53218,306000000,1728000
1791125721.2109,4976,952,53218,306000000,1728000
1791125721.2610,4976,952,53187,306000000,1728000
1791125721.3111,4976,944,53125,306000000,1728000
1791125721.3612,4976,944,53187,306000000,1728000
1791125721.4113,4976,944,53187,306000000,1728000
1791125721.4613,4976,944,53156,306000000,1728000
1791125721.5114,4976,944,53312,306000000,1728000
1791125721.5615,4976,944,53281,306000000,1728000
1791125721.6116,4976,944,53250,306000000,1728000
1791125721.6617,4976,944,53125,306000000,1728000
1791125721.7118,4968,960,53250,306000000,1728000
1791125721.7619,4968,952,53062,306000000,1728000
1791125721.8119,4976,952,53281,306000000,1728000
1791125721.8620,4976,952,53375,306000000,1728000
1791125721.9121,4976,944,53125,306000000,1728000
1791125721.9622,4976,944,53250,306000000,1728000
1791125722.0122,4976,944,53156,306000000,1728000
1791125722.0623,4976,944,53187,306000000,1728000
1791125722.1124,4976,944,53062,306000000,1728000
1791125722.1625,4976,944,53218,306000000,1728000
1791125722.2126,4976,944,53125,306000000,1728000
1791125722.2626,4968,952,53187,306000000,1728000
1791125722.3127,4968,952,53343,306000000,1728000
1791125722.3628,4976,952,53125,306000000,1728000
1791125722.4129,4976,944,53187,306000000,1728000
1791125722.4630,4976,944,53062,306000000,1728000
1791125722.5130,4976,944,53187,306000000,1728000
1791125722.5631,4976,944,53093,306000000,1728000
1791125722.6132,4976,944,53125,306000000,1728000
1791125722.6633,4976,944,53156,306000000,1728000
1791125722.7134,4976,944,53187,306000000,1728000
1791125722.7634,4976,944,53375,306000000,1728000
1791125722.8135,4968,952,53156,306000000,1728000
1791125722.8636,4968,952,53343,306000000,1728000
1791125722.9137,4976,952,53125,306000000,1728000
1791125722.9638,4976,952,53250,306000000,1728000
1791125723.0138,4976,944,53125,306000000,1728000
1791125723.0639,4976,944,53156,306000000,1728000
1791125723.1140,4976,944,53093,306000000,1728000
1791125723.1641,4976,944,53187,306000000,1728000
1791125723.2142,4976,944,53281,306000000,1728000
1791125723.2643,4976,944,53156,306000000,1728000
1791125723.3143,4976,936,53250,306000000,1728000
1791125723.3644,4968,952,53125,306000000,1728000
1791125723.4145,4968,952,53281,306000000,1728000
1791125723.4646,4976,952,53093,306000000,1728000
1791125723.5147,4976,952,53250,306000000,1728000
1791125723.5648,4976,944,53093,306000000,1728000
1791125723.6148,4976,944,53187,306000000,1728000
1791125723.6649,4976,944,53312,306000000,1728000
1791125723.7150,4976,944,53156,306000000,1728000
1791125723.7651,4976,944,53312,306000000,1728000
1791125723.8152,4976,944,53125,306000000,1728000
1791125723.8652,4976,944,53312,306000000,1728000
1791125723.9153,4968,952,53125,306000000,1728000
1791125723.9654,4968,960,53187,306000000,1728000
1791125724.0155,4968,952,53093,306000000,1728000
1791125724.0656,4968,952,53156,306000000,1728000
1791125724.1156,4976,952,53125,306000000,1728000
1791125724.1657,4976,944,53187,306000000,1728000
1791125724.2158,4976,944,53343,306000000,1728000
1791125724.2659,4976,944,53187,306000000,1728000
1791125724.3160,4976,944,53250,306000000,1728000
1791125724.3660,4976,944,53093,306000000,1728000
1791125724.4161,4976,944,53187,306000000,1728000
1791125724.4662,4968,952,53093,306000000,1267200
1791125724.5163,4968,952,53218,306000000,1728000
1791125724.5664,4968,952,53125,306000000,1728000
1791125724.6165,4968,952,53125,306000000,1728000
1791125724.6665,4976,952,53375,306000000,1728000
1791125724.7166,4976,952,53187,306000000,1728000
1791125724.7667,4976,944,53218,306000000,1728000
1791125724.8168,4976,944,53125,306000000,1728000
1791125724.8669,4976,944,53218,306000000,1728000
1791125724.9170,4976,944,53125,306000000,1728000
1791125724.9670,4976,944,53218,306000000,1728000
1791125725.0171,4968,944,53187,306000000,1728000
1791125725.0672,4968,960,53156,306000000,1728000
1791125725.1173,4968,952,53250,306000000,1728000
1791125725.1674,4976,952,53125,306000000,1728000
1791125725.2175,4976,952,53250,306000000,1728000
1791125725.2675,4976,944,53125,306000000,1728000
1791125725.3176,4976,944,53156,306000000,1728000
1791125725.3677,4976,944,53125,306000000,1728000
1791125725.4178,4976,944,53250,306000000,1728000
1791125725.4679,4976,944,53093,306000000,1728000
1791125725.5179,4976,936,53125,306000000,1728000
1791125725.5680,4968,944,53281,306000000,1728000
1791125725.6181,4968,960,53156,306000000,1728000
1791125725.6682,4968,952,53187,306000000,1728000
1791125725.7183,4968,952,53125,306000000,1728000
1791125725.7684,4976,952,53281,306000000,1728000
1791125725.8184,4976,952,53156,306000000,1728000
1791125725.8685,4976,944,53156,306000000,1728000
1791125725.9186,4976,944,53093,306000000,1728000
1791125725.9687,4976,944,53187,306000000,1728000
1791125726.0187,4976,944,53375,306000000,1728000
1791125726.0688,4976,936,53125,306000000,1728000
1791125726.1189,4976,944,53218,306000000,1190400
1791125726.1690,4968,960,53125,306000000,1728000
1791125726.2191,4968,952,53218,306000000,1728000
1791125726.2691,4976,952,53156,306000000,1728000
1791125726.3192,4976,952,53156,306000000,1728000
1791125726.3693,4976,944,53125,306000000,1728000
1791125726.4194,4976,944,53156,306000000,1728000
1791125726.4695,4976,944,53375,306000000,1728000
1791125726.5196,4976,944,53125,306000000,1728000
1791125726.5696,4976,944,53281,306000000,1728000
1791125726.6197,4976,936,53125,306000000,1728000
1791125726.6698,4976,944,53218,306000000,1728000
1791125726.7199,4968,960,53125,306000000,729600
1791125726.7700,4968,952,53156,306000000,1728000
1791125726.8201,4968,952,53062,306000000,1728000
1791125726.8701,4976,952,53156,306000000,1728000
1791125726.9202,4976,944,53343,306000000,1728000
1791125726.9703,4976,944,53125,306000000,1728000
1791125727.0204,4976,944,53343,306000000,1728000
1791125727.0704,4976,944,53125,306000000,1728000
1791125727.1205,4976,936,53218,306000000,1728000
1791125727.1706,4976,936,53062,306000000,1728000
1791125727.2207,4976,936,53218,306000000,1113600
1791125727.2708,4968,952,53093,306000000,1420800
1791125727.3208,4968,952,53156,306000000,1728000
1791125727.3709,4968,952,53125,306000000,1728000
1791125727.4210,4976,944,53125,306000000,1728000
1791125727.4711,4976,944,53281,306000000,1728000
1791125727.5211,4976,944,53125,306000000,1728000
1791125727.5712,4976,944,53156,306000000,1728000
1791125727.6213,4976,944,53125,306000000,1728000
1791125727.6714,4976,944,53156,306000000,1728000
1791125727.7215,4976,944,53093,306000000,1728000
1791125727.7715,4976,936,53218,306000000,1728000
1791125727.8216,4968,952,53062,306000000,1728000
1791125727.8717,4968,952,53125,306000000,1728000
1791125727.9218,4968,952,53218,306000000,1728000
1791125727.9719,4976,952,53125,306000000,1728000
1791125728.0219,4976,944,53218,306000000,1728000
1791125728.0720,4976,944,53125,306000000,1728000
1791125728.1221,4976,944,53156,306000000,1728000
1791125728.1722,4976,944,53093,306000000,1728000
1791125728.2223,4976,944,53187,306000000,1728000
1791125728.2723,4976,936,53093,306000000,1728000
1791125728.3224,4976,936,53125,306000000,1728000
1791125728.3725,4968,952,53218,306000000,1728000
1791125728.4226,4968,952,53125,306000000,1728000
1791125728.4727,4976,952,53187,306000000,1728000
1791125728.5228,4976,952,53125,306000000,1728000
1791125728.5728,4976,944,53156,306000000,1728000
1791125728.6229,4976,944,53125,306000000,1728000
1791125728.6730,4976,944,53187,306000000,1728000
1791125728.7231,4976,944,53062,306000000,1728000
1791125728.7732,4976,944,53187,306000000,1728000
1791125728.8233,4976,944,53250,306000000,1728000
1791125728.8733,4976,936,53187,306000000,1728000
1791125728.9234,4968,952,53250,306000000,1113600
1791125728.9735,4968,952,53031,306000000,1728000
1791125729.0236,4968,952,53125,306000000,1728000
1791125729.0736,4976,952,53062,306000000,1728000
1791125729.1237,4976,944,53156,306000000,1728000
1791125729.1738,4976,944,53093,306000000,1728000
1791125729.2239,4976,944,53125,306000000,1728000
1791125729.2739,4976,944,53250,306000000,1728000
1791125729.3240,4976,944,53125,306000000,1728000
1791125729.3741,4976,936,53312,306000000,1728000
1791125729.4242,4976,936,53093,306000000,1728000
1791125729.4742,4968,944,53218,306000000,1728000
1791125729.5243,4968,952,53093,306000000,1728000
1791125729.5744,4968,952,53187,306000000,1728000
1791125729.6245,4968,952,53125,306000000,1728000
1791125729.6746,4976,944,53093,306000000,1728000
1791125729.7246,4976,944,53062,306000000,1728000
1791125729.7747,4976,944,53062,306000000,1728000
1791125729.8248,4976,944,53187,306000000,1728000
1791125729.8749,4976,944,53125,306000000,1728000
1791125729.9250,4976,944,53156,306000000,1728000
1791125729.9751,4976,936,53093,306000000,1728000
1791125730.0251,4976,944,53156,306000000,1728000
1791125730.0752,4968,952,53125,306000000,1728000
1791125730.1253,4968,952,53125,306000000,1728000
1791125730.1754,4976,952,53125,306000000,1728000
1791125730.2255,4976,944,53125,306000000,1728000
1791125730.2756,4976,944,53281,306000000,1728000
1791125730.3257,4976,944,53031,306000000,1728000
1791125730.3757,4976,944,53187,306000000,1728000
