1791126502.4238,4968,1016,63250,306000000,1728000
1791126502.4739,4968,1040,63406,306000000,1728000
1791126502.5240,4968,1072,63156,306000000,1728000
1791126502.5741,4960,1088,63218,306000000,1728000
1791126502.6241,4960,1112,63156,306000000,1728000
1791126502.6742,4960,1152,63218,306000000,1728000
1791126502.7243,4960,1232,63125,714000000,1728000
1791126502.7744,4952,1368,63343,1020000000,1728000
1791126502.8245,4944,1568,63531,1020000000,1728000
1791126502.8745,4936,1752,63812,1020000000,1728000
1791126502.9246,4936,1920,64031,1020000000,1728000
1791126502.9747,4928,2056,63875,1020000000,1728000
1791126503.0248,4920,2176,64062,1020000000,1728000
1791126503.0749,4920,2280,64093,1020000000,1728000
1791126503.1249,4912,2376,63968,1020000000,1728000
1791126503.1750,4912,2456,64312,1020000000,1728000
1791126503.2251,4912,2536,64125,1020000000,1728000
1791126503.2752,4904,2600,64062,1020000000,1728000
1791126503.3252,4904,2664,64375,1020000000,1728000
1791126503.3753,4904,2712,64187,1020000000,1728000
1791126503.4254,4904,2760,64343,1020000000,1190400
1791126503.4755,4896,2816,64312,1020000000,1728000
1791126503.5256,4896,2848,64312,1020000000,1728000
1791126503.5757,4896,2912,64468,1020000000,1728000
1791126503.6258,4888,3000,64687,1020000000,1728000
1791126503.6758,4888,3088,64625,1020000000,1728000
1791126503.7259,4888,3160,64593,1020000000,1728000
1791126503.7760,4880,3216,64843,1020000000,1728000
1791126503.8261,4880,3280,65000,1020000000,1728000
1791126503.8762,4880,3328,64937,1020000000,1728000
1791126503.9263,4880,3376,65031,1020000000,1728000
1791126503.9763,4872,3416,65000,1020000000,1728000
1791126504.0264,4872,3464,64937,1020000000,729600
1791126504.0765,4872,3496,65031,1020000000,1728000
1791126504.1266,4872,3520,65218,1020000000,1728000
1791126504.1767,4872,3544,65375,1020000000,1728000
1791126504.2268,4872,3560,65218,1020000000,1728000
1791126504.2768,4872,3576,65312,1020000000,1728000
1791126504.3269,4872,3592,65375,1020000000,1728000
1791126504.3770,4864,3608,65218,1020000000,1728000
1791126504.4271,4864,3624,65375,1020000000,1728000
1791126504.4772,4864,3632,65468,1020000000,1728000
1791126504.5273,4864,3640,65312,1020000000,1728000
1791126504.5773,4864,3664,65281,1020000000,1728000
1791126504.6274,4864,3672,65593,1020000000,1728000
1791126504.6775,4864,3680,65281,1020000000,1728000
1791126504.7276,4864,3680,65531,1020000000,1728000
1791126504.7777,4864,3688,65531,1020000000,1728000
1791126504.8277,4864,3688,65281,1020000000,1728000
1791126504.8778,4864,3696,65531,1020000000,1728000
1791126504.9279,4864,3696,65468,1020000000,1728000
1791126504.9780,4864,3696,65312,1020000000,1728000
1791126505.0280,4864,3704,65562,1020000000,1728000
1791126505.0781,4864,3704,65437,1020000000,1728000
1791126505.1282,4864,3720,65468,1020000000,1728000
1791126505.1782,4864,3720,65500,1020000000,1728000
1791126505.2283,4864,3720,65468,1020000000,1728000
1791126505.2784,4864,3720,65500,1020000000,1728000
1791126505.3285,4864,3720,65593,1020000000,1728000
1791126505.3785,4864,3720,65468,1020000000,1728000
1791126505.4286,4864,3720,65500,1020000000,1728000
1791126505.4787,4864,3720,65718,1020000000,1728000
1791126505.5288,4864,3720,65781,1020000000,1728000
1791126505.5788,4864,3720,65531,1020000000,1728000
1791126505.6289,4864,3672,65500,1020000000,1728000
1791126505.6790,4872,3504,65343,1020000000,1728000
1791126505.7290,4872,3376,65156,1020000000,1728000
1791126505.7791,4880,3224,65093,1020000000,1728000
1791126505.8292,4888,3120,65093,1020000000,1728000
1791126505.8793,4888,3000,64968,1020000000,1728000
1791126505.9293,4896,2912,64906,1020000000,1728000
1791126505.9794,4896,2824,64937,1020000000,1728000
1791126506.0295,4896,2752,64781,918000000,1728000
1791126506.0795,4904,2672,64781,918000000,1728000
1791126506.1296,4904,2600,64812,918000000,729600
1791126506.1797,4904,2536,64593,816000000,1728000
1791126506.2298,4912,2488,64656,816000000,1728000
1791126506.2798,4912,2440,64687,816000000,1728000
1791126506.3299,4912,2392,64375,816000000,1728000
1791126506.3800,4912,2336,64562,714000000,1728000
1791126506.4300,4920,2296,64562,714000000,1728000
1791126506.4801,4920,2248,64250,714000000,1728000
1791126506.5302,4920,2216,64281,714000000,1728000
1791126506.5803,4920,2184,64531,714000000,1728000
1791126506.6303,4920,2152,64187,612000000,1728000
1791126506.6804,4920,2128,64125,612000000,1728000
1791126506.7305,4920,2088,64468,612000000,1728000
1791126506.7805,4920,2072,64062,612000000,1728000
1791126506.8306,4928,2024,64093,612000000,1728000
1791126506.8807,4928,1984,64031,612000000,1728000
1791126506.9308,4928,1936,64000,612000000,1728000
1791126506.9809,4928,1912,63968,612000000,1728000
1791126507.0309,4936,1864,63968,612000000,1728000
1791126507.0810,4936,1848,63875,612000000,1728000
1791126507.1311,4936,1808,63875,612000000,1728000
1791126507.1812,4936,1800,63937,612000000,1728000
1791126507.2313,4936,1768,63875,612000000,1728000
1791126507.2813,4936,1768,63875,612000000,1728000
1791126507.3314,4936,1744,63875,612000000,1728000
1791126507.3815,4936,1752,64062,612000000,1728000
1791126507.4316,4936,1728,63843,612000000,1728000
1791126507.4817,4936,1728,63937,612000000,1728000
1791126507.5317,4936,1704,63937,612000000,1728000
1791126507.5818,4936,1704,63843,612000000,1728000
1791126507.6319,4936,1680,63875,612000000,1728000
1791126507.6820,4936,1688,63875,612000000,1728000
1791126507.7320,4944,1664,63750,612000000,1728000
1791126507.7821,4944,1680,63875,612000000,1728000
1791126507.8322,4944,1656,63937,612000000,1728000
1791126507.8823,4944,1672,63593,612000000,1728000
1791126507.9324,4944,1680,63875,612000000,1728000
1791126507.9824,4944,1672,63937,612000000,1728000
1791126508.0325,4944,1664,63625,612000000,1728000
1791126508.0826,4944,1664,63843,612000000,1728000
1791126508.1327,4944,1648,63937,612000000,1728000
1791126508.1828,4944,1656,63562,612000000,1728000
1791126508.2329,4944,1640,63625,612000000,1728000
1791126508.2829,4944,1656,63875,612000000,1728000
1791126508.3330,4944,1640,63593,612000000,1728000
1791126508.3831,4944,1648,63625,612000000,1728000
1791126508.4332,4944,1632,63531,612000000,1113600
1791126508.4833,4944,1664,63625,612000000,1497600
1791126508.5333,4944,1648,63562,612000000,1728000
1791126508.5834,4944,1656,63468,612000000,1728000
1791126508.6335,4944,1640,63562,612000000,1728000
1791126508.6836,4944,1648,63562,612000000,1728000
1791126508.7337,4944,1632,63656,612000000,1728000
1791126508.7837,4944,1648,63468,612000000,1728000
1791126508.8338,4944,1632,63468,612000000,1728000
1791126508.8839,4944,1640,63687,612000000,1728000
1791126508.9340,4944,1624,63406,612000000,1728000
1791126508.9841,4944,1640,63531,612000000,1728000
1791126509.0341,4944,1648,63562,612000000,1728000
1791126509.0842,4944,1656,63656,612000000,1728000
1791126509.1343,4944,1640,63562,612000000,1728000
1791126509.1844,4944,1648,63625,612000000,1728000
1791126509.2345,4944,1632,63687,612000000,1728000
1791126509.2845,4944,1640,63531,612000000,1728000
1791126509.3346,4944,1624,63562,612000000,1728000
1791126509.3847,4944,1640,63781,612000000,1728000
1791126509.4348,4944,1624,63562,612000000,1728000
1791126509.4849,4944,1640,63531,612000000,1728000
1791126509.5349,4944,1624,63625,612000000,1728000
1791126509.5850,4944,1648,63375,612000000,1728000
1791126509.6351,4944,1648,63687,612000000,1728000
1791126509.6852,4944,1648,63656,612000000,1728000
1791126509.7353,4944,1640,63312,612000000,1728000
1791126509.7853,4944,1648,63593,612000000,1728000
1791126509.8354,4944,1632,63687,612000000,1728000
1791126509.8855,4944,1640,63312,612000000,1728000
1791126509.9356,4944,1632,63343,612000000,1728000
1791126509.9857,4944,1640,63343,612000000,1728000
1791126510.0357,4944,1624,63343,612000000,1728000
1791126510.0858,4944,1632,63375,612000000,1728000
1791126510.1359,4944,1632,63281,612000000,1728000
1791126510.1860,4944,1648,63312,612000000,1728000
1791126510.2361,4944,1632,63406,612000000,1728000
1791126510.2862,4944,1640,63468,612000000,1728000
1791126510.3362,4944,1632,63406,612000000,1728000
1791126510.3863,4944,1640,63343,612000000,1728000
1791126510.4364,4944,1624,63375,612000000,1728000
1791126510.4865,4944,1640,63343,612000000,1728000
1791126510.5365,4944,1624,63375,612000000,1728000
1791126510.5866,4944,1632,63437,612000000,1728000
1791126510.6367,4944,1616,63281,612000000,1728000
1791126510.6868,4944,1632,63343,612000000,1344000
1791126510.7369,4944,1640,63375,612000000,1728000
1791126510.7870,4944,1640,63437,612000000,1728000
1791126510.8370,4944,1632,63343,612000000,1728000
1791126510.8871,4944,1640,63406,612000000,1728000
1791126510.9372,4944,1624,63406,612000000,1728000
1791126510.9873,4944,1640,63343,612000000,1728000
1791126511.0373,4944,1624,63375,612000000,1728000
1791126511.0874,4944,1640,63437,612000000,1728000
1791126511.1375,4944,1624,63187,612000000,1728000
1791126511.1876,4944,1632,63343,612000000,1728000
1791126511.2377,4944,1624,63468,510000000,1267200
1791126511.2877,4944,1648,63187,510000000,1728000
1791126511.3378,4944,1632,63343,510000000,1728000
1791126511.3879,4944,1648,63468,510000000,1728000
1791126511.4380,4944,1632,63187,510000000,1728000
1791126511.4880,4944,1640,63468,510000000,1728000
1791126511.5381,4944,1624,63156,510000000,1728000
1791126511.5882,4944,1632,63093,510000000,1728000
1791126511.6383,4944,1624,63281,510000000,1728000
1791126511.6884,4944,1632,63187,510000000,1728000
1791126511.7384,4944,1616,63062,510000000,1728000
1791126511.7885,4944,1632,63218,510000000,1728000
1791126511.8386,4944,1640,63125,510000000,1728000
1791126511.8887,4944,1648,63156,510000000,1728000
1791126511.9387,4944,1632,63156,510000000,1728000
1791126511.9888,4944,1640,63250,510000000,1728000
1791126512.0389,4944,1632,63093,510000000,1728000
1791126512.0890,4944,1640,63187,510000000,1728000
1791126512.1391,4944,1624,63218,510000000,1728000
1791126512.1891,4944,1632,63093,510000000,1728000
1791126512.2392,4944,1624,63093,510000000,1728000
1791126512.2893,4944,1632,63156,510000000,1728000
1791126512.3394,4944,1616,63125,510000000,1728000
1791126512.3895,4944,1648,63156,510000000,1728000
1791126512.4395,4944,1648,63281,510000000,1728000
1791126512.4896,4944,1648,63343,510000000,1728000
1791126512.5397,4944,1632,63187,510000000,1728000
1791126512.5898,4944,1640,63250,510000000,1728000
1791126512.6398,4944,1632,63281,510000000,1728000
1791126512.6899,4944,1640,63093,510000000,1728000
1791126512.7400,4944,1624,63281,510000000,1728000
1791126512.7901,4944,1632,63343,510000000,1728000
1791126512.8402,4944,1616,63125,510000000,1728000
1791126512.8903,4944,1632,63312,510000000,1728000
1791126512.9403,4944,1624,63343,510000000,1728000
1791126512.9904,4944,1648,63031,510000000,1728000
1791126513.0405,4944,1632,63250,510000000,1728000
1791126513.0906,4944,1640,62968,510000000,1728000
1791126513.1406,4944,1624,63062,510000000,1728000
1791126513.1907,4944,1632,63281,510000000,1728000
1791126513.2408,4944,1624,63000,510000000,1728000
1791126513.2909,4944,1632,62968,510000000,1728000
1791126513.3410,4944,1624,63000,510000000,1728000
1791126513.3910,4944,1632,62937,510000000,1728000
1791126513.4411,4944,1616,62968,510000000,1728000
1791126513.4912,4944,1632,63093,510000000,1728000
1791126513.5413,4944,1640,63000,510000000,1728000
1791126513.5914,4944,1648,63031,510000000,1728000
1791126513.6414,4944,1632,63000,510000000,1728000
1791126513.6915,4944,1640,63062,510000000,1728000
1791126513.7416,4944,1624,62937,510000000,1728000
1791126513.7917,4944,1632,63031,510000000,1728000
1791126513.8418,4944,1624,63093,510000000,1728000
1791126513.8918,4944,1632,63000,510000000,1728000
1791126513.9419,4944,1616,63000,510000000,1728000
1791126513.9920,4944,1632,63125,510000000,1728000
1791126514.0421,4944,1616,63031,510000000,1728000
1791126514.0922,4944,1648,63093,510000000,1728000
1791126514.1423,4944,1640,63125,510000000,1728000
1791126514.1923,4944,1648,63187,510000000,1728000
1791126514.2424,4944,1632,63031,510000000,1728000
1791126514.2925,4944,1640,63125,510000000,1728000
1791126514.3426,4944,1624,63250,510000000,1728000
1791126514.3927,4944,1632,63031,510000000,1728000
1791126514.4427,4944,1616,63093,510000000,1728000
1791126514.4928,4944,1624,63187,510000000,1728000
1791126514.5429,4944,1616,62875,510000000,1728000
1791126514.5930,4944,1624,63093,510000000,1113600
1791126514.6431,4944,1632,63312,510000000,1651200
1791126514.6931,4944,1648,62843,510000000,1728000
1791126514.7432,4944,1632,63156,510000000,1728000
1791126514.7933,4944,1640,62875,510000000,1728000
1791126514.8434,4944,1624,62906,510000000,1728000
1791126514.8934,4944,1632,63093,510000000,1728000
1791126514.9435,4944,1624,62875,510000000,1728000
1791126514.9936,4944,1632,62843,510000000,1728000
1791126515.0437,4944,1616,62906,510000000,1728000
1791126515.0938,4944,1624,62812,510000000,1728000
1791126515.1438,4944,1616,62875,510000000,1728000
1791126515.1939,4944,1640,62968,510000000,1728000
1791126515.2440,4944,1640,62875,510000000,1728000
1791126515.2941,4944,1640,62843,510000000,1728000
1791126515.3442,4944,1624,62906,510000000,1728000
1791126515.3942,4944,1640,62906,510000000,1728000
1791126515.4443,4944,1624,62843,510000000,1728000
1791126515.4944,4944,1632,62906,510000000,1728000
1791126515.5445,4944,1616,62968,510000000,1728000
1791126515.5946,4944,1624,62875,510000000,1728000
1791126515.6446,4944,1616,62906,510000000,1728000
1791126515.6947,4944,1624,62937,510000000,1728000
1791126515.7448,4944,1624,62781,510000000,1113600
1791126515.7949,4944,1640,62937,510000000,1728000
1791126515.8450,4944,1624,63000,510000000,1728000
1791126515.8951,4944,1632,63125,510000000,1728000
1791126515.9451,4944,1624,62906,510000000,1728000
1791126515.9952,4944,1640,63000,510000000,1728000
1791126516.0453,4944,1624,63125,510000000,1728000
1791126516.0954,4944,1632,62968,510000000,1728000
1791126516.1455,4944,1624,63062,510000000,1728000
1791126516.1955,4944,1640,63125,510000000,1728000
1791126516.2456,4944,1624,62781,510000000,1728000
1791126516.2957,4944,1640,63031,510000000,1728000
1791126516.3458,4944,1648,62750,510000000,1728000
1791126516.3959,4944,1648,62843,510000000,1728000
1791126516.4460,4944,1640,63062,510000000,1728000
1791126516.4961,4944,1640,62812,510000000,1728000
1791126516.5461,4944,1632,62781,510000000,1728000
1791126516.5962,4944,1640,62968,510000000,1728000
1791126516.6463,4944,1624,62718,510000000,1728000
1791126516.6964,4944,1632,62843,510000000,1728000
1791126516.7465,4944,1616,62843,510000000,1728000
1791126516.7966,4944,1632,62750,510000000,1728000
1791126516.8467,4944,1624,62843,510000000,1728000
1791126516.8968,4944,1640,62843,510000000,1728000
1791126516.9468,4944,1632,62781,510000000,1728000
1791126516.9969,4944,1640,62781,510000000,1728000
1791126517.0470,4944,1624,62843,510000000,1728000
1791126517.0971,4944,1632,62843,510000000,1728000
1791126517.1472,4944,1624,62750,510000000,1728000
1791126517.1973,4944,1632,62843,510000000,1728000
1791126517.2473,4944,1624,62875,510000000,1728000
1791126517.2974,4944,1632,62812,510000000,1728000
1791126517.3475,4944,1616,62812,510000000,1728000
1791126517.3976,4944,1632,63000,510000000,729600
1791126517.4477,4944,1632,63062,510000000,1728000
1791126517.4978,4944,1640,62843,510000000,1728000
1791126517.5478,4944,1632,62906,510000000,1728000
1791126517.5979,4944,1640,62968,510000000,1728000
1791126517.6480,4944,1624,62843,510000000,1728000
1791126517.6981,4944,1632,62843,510000000,1728000
1791126517.7482,4944,1624,63000,510000000,1728000
1791126517.7982,4944,1632,62812,510000000,1728000
1791126517.8483,4944,1616,62875,510000000,1728000
1791126517.8984,4944,1632,62687,510000000,1728000
1791126517.9485,4944,1616,62781,510000000,1728000
1791126517.9986,4944,1640,62968,510000000,1728000
1791126518.0486,4944,1632,62687,510000000,1728000
1791126518.0987,4944,1640,62687,510000000,1728000
1791126518.1488,4944,1624,62906,510000000,1728000
1791126518.1989,4944,1632,62718,510000000,1036800
1791126518.2490,4944,1624,62718,510000000,1728000
1791126518.2991,4944,1632,62718,510000000,1728000
1791126518.3491,4944,1616,62656,510000000,1728000
1791126518.3992,4944,1632,62718,510000000,1728000
1791126518.4493,4944,1616,62718,510000000,1728000
1791126518.4994,4944,1624,62718,510000000,1728000
1791126518.5495,4944,1624,62625,510000000,1113600
1791126518.5995,4944,1648,62718,510000000,1728000
1791126518.6496,4944,1632,62718,510000000,1728000
1791126518.6997,4944,1640,62687,510000000,1728000
1791126518.7498,4944,1624,62750,510000000,1728000
1791126518.7999,4944,1632,62843,510000000,1728000
1791126518.8500,4944,1624,62781,510000000,1728000
1791126518.9000,4944,1632,62781,510000000,1728000
1791126518.9501,4944,1616,62843,510000000,1728000
1791126519.0002,4944,1632,62718,510000000,1728000
1791126519.0503,4944,1616,62750,510000000,1728000
1791126519.1004,4944,1632,62781,510000000,1728000
1791126519.1504,4944,1640,62875,510000000,1728000
1791126519.2005,4944,1640,62750,510000000,1728000
1791126519.2506,4944,1632,62781,510000000,1728000
1791126519.3007,4944,1640,62937,510000000,1728000
1791126519.3508,4944,1624,62718,510000000,1728000
1791126519.4009,4944,1632,62843,510000000,1728000
1791126519.4509,4944,1616,62593,510000000,1728000
1791126519.5010,4944,1624,62750,510000000,1728000
1791126519.5511,4944,1616,62843,510000000,1728000
1791126519.6012,4944,1624,62625,510000000,1728000
1791126519.6513,4944,1624,62687,510000000,1344000
1791126519.7013,4944,1640,62843,510000000,1728000
1791126519.7514,4944,1632,62593,510000000,1728000
1791126519.8015,4944,1640,62656,510000000,1728000
1791126519.8516,4944,1624,62875,510000000,1728000
1791126519.9017,4944,1632,62562,510000000,1728000
1791126519.9518,4944,1616,62593,510000000,1728000
1791126520.0018,4944,1632,62687,510000000,1728000
1791126520.0519,4944,1616,62593,510000000,1728000
1791126520.1020,4944,1624,62625,510000000,1728000
1791126520.1521,4944,1608,62593,510000000,1728000
1791126520.2022,4944,1624,62562,510000000,1728000
1791126520.2523,4944,1640,62531,510000000,1728000
1791126520.3024,4944,1640,62656,510000000,1728000
1791126520.3525,4944,1624,62750,510000000,1728000
1791126520.4025,4944,1632,62593,510000000,1728000
1791126520.4526,4944,1624,62593,510000000,1728000
1791126520.5027,4944,1632,62750,510000000,1728000
1791126520.5528,4944,1616,62625,510000000,1728000
1791126520.6029,4944,1624,62625,510000000,1728000
1791126520.6530,4944,1616,62687,510000000,1728000
1791126520.7030,4944,1584,62531,510000000,1728000
1791126520.7531,4944,1520,62531,510000000,1728000
