1791273769.7154,4976,984,51812,306000000,1728000
1791273769.7654,4968,1040,51875,306000000,1728000
1791273769.8155,4968,1096,52093,306000000,1728000
1791273769.8656,4968,1104,51812,306000000,1728000
1791273769.9157,4968,1120,51906,306000000,1728000
1791273769.9658,4968,1128,51718,306000000,1728000
1791273770.0159,4968,1144,51843,306000000,1728000
1791273770.0660,4968,1160,51750,306000000,1728000
1791273770.1161,4968,1168,51781,306000000,1728000
1791273770.1661,4968,1168,51968,306000000,1728000
1791273770.2162,4968,1176,51687,306000000,1728000
1791273770.2663,4968,1176,51718,306000000,1728000
1791273770.3164,4968,1184,51750,306000000,1728000
1791273770.3665,4968,1184,51843,306000000,1728000
1791273770.4166,4968,1184,51812,306000000,1728000
1791273770.4667,4968,1192,51875,306000000,1728000
1791273770.5168,4968,1192,51718,306000000,1728000
1791273770.5669,4960,1200,51906,306000000,1728000
1791273770.6170,4960,1216,52000,306000000,1728000
1791273770.6671,4960,1208,51781,1020000000,1728000
1791273770.7172,4960,1208,51968,306000000,1728000
1791273770.7673,4960,1208,51750,306000000,1728000
1791273770.8173,4960,1208,51906,306000000,1728000
1791273770.8674,4968,1184,51750,306000000,1728000
1791273770.9175,4968,1152,51906,306000000,1728000
1791273770.9676,4968,1128,51656,306000000,1728000
1791273771.0177,4968,1104,51750,306000000,1728000
1791273771.0677,4968,1088,51968,306000000,1728000
1791273771.1178,4968,1072,51843,306000000,1728000
1791273771.1679,4968,1072,51968,306000000,729600
1791273771.2180,4968,1056,51812,306000000,1728000
1791273771.2681,4968,1040,51812,306000000,1728000
1791273771.3182,4968,1024,51812,306000000,1728000
1791273771.3683,4968,1040,51843,306000000,1728000
1791273771.4184,4968,1048,51781,306000000,1728000
1791273771.4685,4968,1096,51812,306000000,1728000
1791273771.5186,4968,1168,51687,714000000,1728000
1791273771.5687,4960,1272,51781,714000000,1728000
1791273771.6188,4960,1328,51906,306000000,1728000
1791273771.6689,4960,1360,51781,306000000,1728000
1791273771.7190,4960,1336,51968,306000000,1728000
1791273771.7691,4960,1344,51781,306000000,1728000
1791273771.8191,4960,1368,51875,306000000,1728000
1791273771.8692,4960,1392,51812,306000000,1728000
1791273771.9193,4960,1416,51750,306000000,1728000
1791273771.9694,4952,1440,51781,714000000,1728000
1791273772.0195,4952,1448,51875,408000000,1728000
1791273772.0696,4952,1456,51968,306000000,1728000
1791273772.1197,4952,1472,51781,306000000,1728000
1791273772.1698,4952,1480,51937,306000000,1728000
1791273772.2199,4952,1496,51781,306000000,1728000
1791273772.2699,4952,1528,51875,306000000,1728000
1791273772.3200,4952,1536,52000,306000000,1728000
1791273772.3701,4952,1536,51812,306000000,1728000
1791273772.4202,4952,1544,51812,306000000,1728000
1791273772.4703,4952,1552,52062,408000000,1728000
1791273772.5204,4952,1560,51968,408000000,1728000
1791273772.5705,4952,1552,51875,408000000,1497600
1791273772.6206,4952,1544,51937,408000000,1728000
1791273772.6707,4952,1536,51843,408000000,1728000
1791273772.7208,4952,1528,51968,408000000,1728000
1791273772.7709,4952,1512,51906,408000000,1728000
1791273772.8210,4952,1520,51875,408000000,1728000
1791273772.8711,4952,1520,51812,408000000,1267200
1791273772.9212,4952,1512,51875,408000000,1728000
1791273772.9713,4952,1504,52093,408000000,1267200
1791273773.0214,4952,1496,51906,408000000,1728000
1791273773.0714,4952,1496,52031,408000000,1344000
1791273773.1215,4952,1488,51875,408000000,1728000
1791273773.1716,4952,1480,52031,408000000,1728000
1791273773.2217,4952,1472,51906,408000000,1728000
1791273773.2718,4952,1472,52000,408000000,1728000
1791273773.3219,4952,1456,51812,408000000,1728000
1791273773.3720,4952,1472,51937,408000000,1728000
1791273773.4220,4952,1472,52062,408000000,1728000
1791273773.4721,4952,1464,51937,408000000,1728000
1791273773.5222,4952,1456,52156,408000000,1728000
1791273773.5723,4952,1456,51968,408000000,1728000
1791273773.6224,4952,1448,52000,408000000,1728000
1791273773.6725,4952,1448,51937,408000000,1728000
1791273773.7226,4952,1440,52062,408000000,1728000
1791273773.7727,4960,1432,51812,408000000,1728000
1791273773.8228,4960,1432,52031,408000000,1728000
1791273773.8728,4960,1432,51906,408000000,1728000
1791273773.9229,4952,1440,51937,408000000,1267200
1791273773.9730,4952,1440,52093,408000000,1728000
1791273774.0231,4952,1440,52062,408000000,1728000
1791273774.0732,4952,1440,52062,408000000,1728000
1791273774.1233,4952,1440,51906,408000000,1728000
1791273774.1734,4952,1432,52000,408000000,1728000
1791273774.2235,4952,1432,51937,408000000,1728000
1791273774.2736,4952,1432,52000,408000000,1728000
1791273774.3237,4952,1432,51843,408000000,1728000
1791273774.3737,4952,1424,51968,408000000,1728000
1791273774.4238,4952,1424,52031,408000000,1728000
1791273774.4741,4952,1432,51937,408000000,1728000
1791273774.5242,4952,1440,52000,408000000,1728000
1791273774.5743,4952,1440,51937,408000000,1728000
1791273774.6244,4952,1448,52000,408000000,1728000
1791273774.6745,4952,1440,51906,408000000,1728000
1791273774.7246,4952,1440,51968,408000000,1728000
1791273774.7747,4952,1432,51937,408000000,1113600
1791273774.8247,4952,1432,52000,408000000,1728000
1791273774.8748,4952,1432,52093,408000000,1728000
1791273774.9249,4952,1432,51906,408000000,1728000
1791273774.9750,4960,1424,52156,408000000,1728000
1791273775.0251,4960,1424,51906,408000000,1728000
1791273775.0752,4952,1440,51968,408000000,1497600
1791273775.1253,4952,1448,52031,408000000,1113600
1791273775.1754,4952,1440,52062,408000000,1728000
1791273775.2254,4952,1440,51937,408000000,1728000
1791273775.2755,4960,1416,51937,408000000,1728000
1791273775.3256,4960,1400,52125,408000000,1728000
1791273775.3757,4960,1400,51937,306000000,1728000
1791273775.4258,4952,1432,52031,306000000,1728000
1791273775.4759,4952,1456,51968,306000000,1728000
1791273775.5260,4952,1480,52000,306000000,1728000
1791273775.5761,4952,1552,52218,714000000,1728000
1791273775.6262,4952,1608,52125,510000000,1728000
1791273775.6763,4952,1640,52031,510000000,1728000
1791273775.7264,4952,1624,51968,408000000,1728000
1791273775.7764,4952,1616,52093,408000000,1728000
1791273775.8265,4952,1616,51968,408000000,1728000
1791273775.8766,4952,1600,52093,408000000,1728000
1791273775.9267,4952,1592,51937,408000000,1728000
1791273775.9768,4952,1576,52093,408000000,1267200
1791273776.0269,4952,1560,52000,408000000,1728000
1791273776.0770,4952,1552,52156,408000000,1728000
1791273776.1271,4952,1536,52031,408000000,1267200
1791273776.1772,4952,1536,52031,408000000,1728000
1791273776.2273,4952,1528,52000,408000000,1344000
1791273776.2774,4952,1520,52031,408000000,1344000
1791273776.3275,4952,1520,52218,408000000,1728000
1791273776.3776,4952,1512,52031,408000000,1344000
1791273776.4277,4952,1504,52156,408000000,1728000
1791273776.4778,4952,1496,52031,408000000,1190400
1791273776.5279,4952,1480,52062,408000000,1728000
1791273776.5780,4952,1472,52031,408000000,1728000
1791273776.6281,4952,1480,52031,408000000,1728000
1791273776.6782,4952,1464,52156,408000000,1190400
1791273776.7283,4952,1488,52031,408000000,1728000
1791273776.7784,4952,1496,52156,408000000,1728000
1791273776.8285,4952,1488,52187,408000000,1728000
1791273776.8786,4952,1488,52125,408000000,1344000
1791273776.9286,4952,1488,52031,408000000,1728000
1791273776.9787,4952,1480,52156,408000000,1344000
1791273777.0288,4952,1480,52000,408000000,1728000
1791273777.0789,4952,1472,52062,408000000,1344000
1791273777.1290,4952,1464,52125,408000000,1344000
1791273777.1791,4952,1480,52031,408000000,1728000
1791273777.2291,4952,1472,52187,408000000,1728000
1791273777.2792,4952,1472,52000,408000000,1420800
1791273777.3293,4952,1472,52187,408000000,1728000
1791273777.3794,4952,1472,52000,408000000,1728000
1791273777.4295,4952,1472,52093,408000000,1728000
1791273777.4796,4952,1472,52000,408000000,1728000
1791273777.5297,4952,1464,52062,408000000,1728000
1791273777.5798,4952,1472,52000,408000000,1728000
1791273777.6299,4952,1464,52000,408000000,1728000
1791273777.6800,4952,1464,52156,408000000,1728000
1791273777.7301,4952,1456,52062,408000000,1728000
1791273777.7802,4952,1456,52125,408000000,1728000
1791273777.8303,4952,1464,52062,408000000,1728000
1791273777.8803,4952,1480,52125,408000000,1728000
1791273777.9304,4952,1480,52062,408000000,1728000
1791273777.9805,4952,1472,52125,408000000,1728000
1791273778.0306,4952,1464,52062,408000000,1728000
1791273778.0807,4952,1464,52093,408000000,1728000
1791273778.1308,4952,1464,52156,408000000,1728000
1791273778.1808,4952,1464,52062,408000000,1728000
1791273778.2309,4952,1464,52187,408000000,1344000
1791273778.2810,4952,1456,52093,408000000,1190400
1791273778.3311,4952,1456,52093,408000000,1728000
1791273778.3812,4952,1448,52062,408000000,1190400
1791273778.4313,4952,1456,52156,408000000,1728000
1791273778.4814,4952,1464,52062,408000000,1728000
1791273778.5315,4952,1464,52156,408000000,1728000
1791273778.5816,4952,1464,52031,408000000,1728000
1791273778.6317,4952,1456,52125,408000000,1728000
1791273778.6818,4952,1456,52250,408000000,1728000
1791273778.7319,4952,1464,52156,408000000,1728000
1791273778.7819,4952,1464,52125,408000000,1420800
1791273778.8320,4952,1456,52031,408000000,1728000
1791273778.8821,4952,1456,52156,408000000,1728000
1791273778.9322,4952,1456,52093,408000000,1728000
1791273778.9823,4952,1472,52093,408000000,1728000
1791273779.0324,4952,1480,52062,408000000,1728000
1791273779.0825,4952,1472,51968,408000000,1728000
1791273779.1325,4952,1472,52218,408000000,1728000
1791273779.1826,4952,1472,52062,408000000,1728000
1791273779.2327,4952,1464,52156,408000000,1728000
1791273779.2828,4952,1464,52031,408000000,1728000
1791273779.3329,4952,1448,52125,408000000,1728000
1791273779.3830,4952,1448,52125,408000000,1728000
1791273779.4331,4952,1440,52156,408000000,1728000
1791273779.4832,4952,1440,52062,408000000,1728000
1791273779.5333,4952,1456,52062,408000000,1267200
1791273779.5834,4952,1456,52187,408000000,1190400
1791273779.6335,4952,1448,52031,408000000,1728000
1791273779.6836,4952,1448,52218,408000000,1728000
1791273779.7337,4952,1440,52031,408000000,1190400
1791273779.7838,4952,1440,52156,408000000,1728000
1791273779.8339,4952,1448,52062,408000000,1267200
1791273779.8840,4952,1448,52156,408000000,1728000
1791273779.9341,4952,1448,52156,408000000,1728000
1791273779.9842,4952,1448,52093,408000000,1728000
1791273780.0343,4952,1440,52250,408000000,1728000
1791273780.0844,4952,1464,52218,408000000,1728000
1791273780.1345,4952,1472,52218,408000000,1728000
1791273780.1846,4952,1448,52062,408000000,1728000
1791273780.2346,4952,1456,52250,408000000,1728000
1791273780.2847,4952,1448,52062,408000000,1728000
1791273780.3348,4952,1456,52187,408000000,1728000
1791273780.3849,4952,1448,52156,408000000,1728000
1791273780.4351,4952,1456,52125,408000000,1728000
1791273780.4851,4952,1448,52218,408000000,1728000
1791273780.5352,4952,1424,52156,408000000,1728000
1791273780.5853,4960,1408,52187,408000000,1728000
1791273780.6354,4960,1408,52031,306000000,1728000
1791273780.6855,4952,1448,52156,306000000,1728000
1791273780.7356,4952,1472,52093,306000000,1728000
1791273780.7857,4952,1528,52156,714000000,1728000
1791273780.8358,4952,1592,52218,510000000,1728000
1791273780.8859,4952,1632,52125,510000000,1728000
1791273780.9360,4944,1656,52156,510000000,1728000
1791273780.9861,4944,1648,52187,510000000,1728000
1791273781.0362,4952,1632,52250,510000000,1728000
1791273781.0863,4952,1616,52156,510000000,1728000
1791273781.1364,4952,1592,52187,408000000,1728000
1791273781.1865,4952,1576,52187,408000000,1267200
1791273781.2366,4952,1576,52156,408000000,1728000
1791273781.2867,4952,1560,52156,408000000,1728000
1791273781.3367,4952,1544,52187,408000000,1728000
1791273781.3868,4952,1528,52125,408000000,1728000
1791273781.4369,4952,1512,52125,408000000,1728000
1791273781.4870,4952,1504,52218,408000000,1728000
1791273781.5371,4952,1496,52062,408000000,1728000
1791273781.5872,4952,1496,52156,408000000,1728000
1791273781.6372,4952,1488,52218,408000000,1728000
1791273781.6873,4952,1480,52187,408000000,1728000
1791273781.7374,4952,1472,52125,408000000,1728000
1791273781.7875,4952,1480,52218,408000000,1728000
1791273781.8376,4952,1480,52093,408000000,1728000
1791273781.8877,4952,1480,52156,408000000,1728000
1791273781.9378,4952,1480,52312,408000000,1728000
1791273781.9879,4952,1472,52156,408000000,1728000
1791273782.0379,4952,1472,52281,408000000,1728000
1791273782.0880,4952,1464,52156,408000000,1728000
1791273782.1381,4952,1464,52187,408000000,1728000
1791273782.1882,4952,1464,52156,408000000,1728000
1791273782.2383,4952,1456,52187,408000000,1728000
1791273782.2884,4952,1456,52156,408000000,1728000
1791273782.3385,4952,1464,52156,408000000,1728000
1791273782.3886,4952,1472,52281,408000000,1728000
1791273782.4387,4952,1464,52156,408000000,1728000
1791273782.4888,4952,1464,52250,408000000,1728000
1791273782.5389,4952,1456,52125,408000000,1344000
1791273782.5890,4952,1448,52156,408000000,1728000
1791273782.6391,4952,1448,52062,408000000,1728000
1791273782.6892,4952,1448,52250,408000000,1728000
1791273782.7392,4952,1440,52125,408000000,1728000
1791273782.7894,4952,1440,52156,408000000,1728000
1791273782.8394,4952,1432,52281,408000000,1728000
1791273782.8895,4952,1448,52187,408000000,1728000
1791273782.9396,4952,1448,52312,408000000,1728000
1791273782.9897,4952,1440,52187,408000000,1728000
1791273783.0398,4952,1432,52281,408000000,1728000
1791273783.0899,4952,1432,52156,408000000,1728000
1791273783.1400,4960,1424,52187,408000000,1728000
1791273783.1901,4960,1424,52218,408000000,1728000
1791273783.2402,4960,1424,52156,408000000,1190400
1791273783.2903,4952,1424,52156,408000000,1728000
1791273783.3404,4952,1424,52250,408000000,1728000
1791273783.3905,4960,1424,52187,408000000,1728000
1791273783.4406,4952,1432,52125,408000000,1728000
1791273783.4907,4952,1448,52375,408000000,1728000
1791273783.5408,4952,1448,52125,408000000,1728000
1791273783.5909,4952,1440,52187,408000000,1728000
1791273783.6410,4952,1440,52125,408000000,1190400
1791273783.6911,4952,1432,52187,408000000,1036800
1791273783.7412,4952,1432,52156,408000000,1728000
1791273783.7913,4952,1440,52187,408000000,1728000
1791273783.8414,4952,1440,52312,408000000,1728000
1791273783.8914,4952,1440,52125,408000000,1267200
1791273783.9415,4952,1432,52250,408000000,1728000
1791273783.9916,4952,1440,52093,408000000,1728000
1791273784.0417,4952,1456,52218,408000000,1728000
1791273784.0918,4952,1472,52156,408000000,1728000
1791273784.1419,4952,1464,52218,408000000,1344000
1791273784.1920,4952,1472,52125,408000000,1728000
1791273784.2421,4952,1472,52156,408000000,1728000
1791273784.2922,4952,1464,52250,408000000,1728000
1791273784.3422,4952,1456,52281,408000000,1728000
1791273784.3923,4952,1448,52343,408000000,1728000
1791273784.4424,4952,1448,52187,408000000,1190400
1791273784.4925,4952,1448,52187,408000000,1267200
1791273784.5426,4952,1448,52156,408000000,1728000
1791273784.5927,4952,1464,52218,408000000,1344000
1791273784.6428,4952,1456,52156,408000000,1728000
1791273784.6929,4952,1464,52187,408000000,1728000
1791273784.7430,4952,1456,52343,408000000,1267200
1791273784.7931,4952,1448,52187,408000000,1728000
1791273784.8432,4952,1472,52343,408000000,1728000
1791273784.8933,4952,1464,52312,408000000,1344000
1791273784.9434,4952,1464,52187,408000000,1420800
1791273784.9935,4952,1464,52125,408000000,1267200
1791273785.0436,4952,1464,52343,408000000,1728000
1791273785.0937,4952,1456,52125,408000000,1728000
1791273785.1438,4952,1472,52187,408000000,1190400
1791273785.1939,4952,1456,52312,408000000,1728000
1791273785.2440,4952,1464,52218,408000000,1728000
1791273785.2941,4952,1456,52312,408000000,1728000
1791273785.3442,4952,1456,52187,408000000,1728000
1791273785.3943,4952,1456,52281,408000000,1728000
1791273785.4444,4952,1448,52156,408000000,1728000
1791273785.4945,4952,1448,52250,408000000,1728000
1791273785.5446,4952,1456,52156,408000000,1728000
1791273785.5947,4952,1448,52250,408000000,1728000
1791273785.6447,4952,1440,52156,408000000,1728000
1791273785.6948,4952,1456,52250,408000000,1344000
1791273785.7450,4952,1456,52312,408000000,1728000
1791273785.7951,4952,1456,52187,408000000,1190400
1791273785.8452,4952,1448,52343,408000000,1728000
1791273785.8953,4960,1424,52156,408000000,1728000
1791273785.9454,4960,1408,52281,306000000,1728000
1791273785.9955,4960,1392,52218,306000000,1728000
1791273786.0456,4960,1416,52218,714000000,1728000
1791273786.0956,4952,1464,52250,714000000,1728000
1791273786.1457,4952,1512,52312,408000000,1728000
1791273786.1958,4952,1544,52281,408000000,1728000
1791273786.2459,4952,1616,52437,816000000,1728000
1791273786.2960,4944,1688,52625,510000000,1728000
1791273786.3461,4944,1672,52218,510000000,1728000
1791273786.3962,4944,1648,52218,510000000,1728000
1791273786.4463,4952,1632,52375,510000000,1728000
1791273786.4964,4952,1600,52343,510000000,1728000
1791273786.5465,4952,1592,52218,510000000,1728000
1791273786.5966,4952,1560,52500,510000000,1728000
1791273786.6468,4952,1552,52343,510000000,1728000
1791273786.6969,4952,1536,52312,510000000,1728000
1791273786.7470,4952,1512,52343,510000000,1728000
1791273786.7971,4952,1504,52187,408000000,1728000
1791273786.8472,4952,1512,52437,408000000,1497600
1791273786.8973,4952,1504,52156,408000000,1728000
1791273786.9474,4952,1488,52281,408000000,1728000
1791273786.9975,4952,1472,52250,408000000,1728000
1791273787.0476,4952,1464,52250,408000000,1728000
1791273787.0976,4952,1464,52375,408000000,1728000
1791273787.1477,4952,1448,52250,408000000,1728000
1791273787.1978,4952,1448,52406,408000000,1728000
1791273787.2479,4952,1432,52218,408000000,1728000
1791273787.2980,4952,1440,52312,408000000,1728000
1791273787.3481,4952,1424,52218,408000000,1728000
1791273787.3982,4952,1448,52343,408000000,1728000
1791273787.4483,4952,1448,52218,408000000,1728000
1791273787.4984,4952,1448,52156,408000000,1728000
1791273787.5485,4952,1440,52406,408000000,1728000
1791273787.5986,4952,1440,52281,408000000,1728000
1791273787.6486,4952,1440,52406,408000000,1728000
1791273787.6987,4952,1432,52312,408000000,1267200
1791273787.7488,4952,1432,52250,408000000,1728000
1791273787.7989,4952,1432,52281,408000000,1728000
1791273787.8490,4952,1440,52312,408000000,1728000
1791273787.8991,4952,1440,52156,408000000,1728000
1791273787.9492,4952,1448,52343,408000000,1728000
1791273787.9993,4952,1448,52343,408000000,1728000
1791273788.0494,4952,1448,52250,408000000,1728000
1791273788.0995,4960,1408,52406,408000000,1728000
1791273788.1496,4960,1384,52312,408000000,1728000
1791273788.1997,4960,1368,52250,306000000,1728000
1791273788.2497,4960,1344,52250,306000000,1728000
1791273788.2998,4960,1328,52312,306000000,1728000
1791273788.3499,4960,1312,52218,306000000,1728000
1791273788.4000,4960,1304,52281,306000000,1728000
1791273788.4501,4960,1288,52187,306000000,1728000
1791273788.5002,4960,1288,52250,306000000,1728000
1791273788.5502,4960,1288,52468,306000000,1728000
1791273788.6003,4960,1280,52187,306000000,1728000
1791273788.6504,4960,1280,52343,306000000,1728000
1791273788.7005,4960,1280,52218,306000000,1728000
1791273788.7506,4960,1272,52312,306000000,729600
1791273788.8007,4960,1240,52218,306000000,1728000
