1791262703.5790,115200
1791262703.6318,115200
1791262703.6835,115200
1791262703.7353,115200
1791262703.7868,115200
1791262703.8386,115200
1791262703.8901,115200
1791262703.9415,115200
1791262703.9927,115200
1791262704.0443,115200
1791262704.0958,115200
1791262704.1474,115200
1791262704.1993,115200
1791262704.2514,115200
1791262704.3031,115200
1791262704.3546,115200
1791262704.4064,115200
1791262704.4584,115200
1791262704.5100,115200
1791262704.5615,115200
1791262704.6131,115200
1791262704.6646,115200
1791262704.7161,115200
1791262704.7674,115200
1791262704.8185,115200
1791262704.8697,115200
1791262704.9208,115200
1791262704.9719,115200
1791262705.0230,115200
1791262705.0741,115200
1791262705.1254,115200
1791262705.1769,115200
1791262705.2287,115200
1791262705.2805,115200
1791262705.3322,115200
1791262705.3837,115200
1791262705.4354,115200
1791262705.4869,115200
1791262705.5385,115200
1791262705.5900,115200
1791262705.6416,115200
1791262705.6929,115200
1791262705.7444,115200
1791262705.7958,115200
1791262705.8470,115200
1791262705.8985,115200
1791262705.9510,115200
1791262706.0028,115200
1791262706.0544,115200
1791262706.1057,115200
1791262706.1569,115200
1791262706.2087,115200
1791262706.2602,115200
1791262706.3115,115200
1791262706.3628,115200
1791262706.4147,115200
1791262706.4663,115200
1791262706.5178,115200
1791262706.5691,115200
1791262706.6203,115200
1791262706.6715,115200
1791262706.7226,115200
1791262706.7739,115200
1791262706.8250,115200
1791262706.8763,115200
1791262706.9278,115200
1791262706.9797,115200
1791262707.0314,115200
1791262707.0828,115200
1791262707.1343,115200
1791262707.1860,115200
1791262707.2379,115200
1791262707.2896,115200
1791262707.3413,115200
1791262707.3932,115200
1791262707.4447,115200
1791262707.4960,115200
1791262707.5472,115200
1791262707.5987,115200
1791262707.6500,115200
1791262707.7015,115200
1791262707.7530,115200
1791262707.8042,115200
1791262707.8553,115200
1791262707.9069,115200
1791262707.9588,115200
1791262708.0107,115200
1791262708.0622,115200
1791262708.1138,115200
1791262708.1658,115200
1791262708.2176,115200
1791262708.2692,115200
1791262708.3208,115200
1791262708.3725,115200
1791262708.4240,115200
1791262708.4755,115200
1791262708.5267,115200
1791262708.5780,115200
1791262708.6296,115200
1791262708.6811,115200
1791262708.7324,115200
1791262708.7837,115200
1791262708.8391,115200
1791262708.8895,115200
1791262708.9399,115200
1791262708.9902,115200
1791262709.0405,115200
1791262709.0909,115200
1791262709.1413,115200
1791262709.1916,115200
1791262709.2419,115200
1791262709.2923,115200
1791262709.3427,115200
1791262709.3930,115200
1791262709.4434,115200
1791262709.4937,115200
1791262709.5439,115200
1791262709.5942,115200
1791262709.6446,115200
1791262709.6949,115200
1791262709.7452,115200
1791262709.7955,115200
1791262709.8458,115200
1791262709.8960,115200
1791262709.9464,115200
1791262709.9968,115200
1791262710.0472,115200
1791262710.0975,115200
1791262710.1478,115200
1791262710.1981,115200
1791262710.2484,115200
1791262710.2987,115200
1791262710.3491,115200
1791262710.3994,115200
1791262710.4497,115200
1791262710.5000,115200
1791262710.5503,115200
1791262710.6007,115200
1791262710.6510,115200
1791262710.7013,115200
1791262710.7516,115200
1791262710.8019,115200
1791262710.8522,115200
1791262710.9025,115200
1791262710.9528,115200
1791262711.0031,115200
1791262711.0534,115200
1791262711.1037,115200
1791262711.1540,115200
1791262711.2043,115200
1791262711.2546,115200
1791262711.3049,115200
1791262711.3552,115200
1791262711.4056,115200
1791262711.4559,115200
1791262711.5062,115200
1791262711.5565,115200
1791262711.6068,115200
1791262711.6572,115200
1791262711.7075,115200
1791262711.7578,115200
1791262711.8081,115200
1791262711.8583,115200
1791262711.9086,115200
1791262711.9589,115200
1791262712.0093,115200
1791262712.0596,115200
1791262712.1099,115200
1791262712.1602,115200
1791262712.2104,115200
1791262712.2608,115200
1791262712.3111,115200
1791262712.3615,115200
1791262712.4118,115200
1791262712.4621,115200
1791262712.5124,115200
1791262712.5627,115200
1791262712.6130,115200
1791262712.6633,115200
1791262712.7137,115200
1791262712.7640,115200
1791262712.8143,115200
1791262712.8646,115200
1791262712.9149,115200
1791262712.9652,115200
1791262713.0155,115200
1791262713.0658,115200
1791262713.1161,115200
1791262713.1664,115200
1791262713.2167,115200
1791262713.2670,115200
1791262713.3173,115200
1791262713.3677,115200
1791262713.4180,115200
1791262713.4683,115200
1791262713.5186,115200
1791262713.5689,115200
1791262713.6192,115200
1791262713.6697,115200
1791262713.7201,115200
1791262713.7704,115200
1791262713.8208,115200
1791262713.8712,115200
1791262713.9215,115200
1791262713.9717,115200
1791262714.0220,115200
1791262714.0724,115200
1791262714.1227,115200
1791262714.1730,115200
1791262714.2232,115200
1791262714.2735,115200
1791262714.3238,115200
1791262714.3741,115200
1791262714.4245,115200
1791262714.4749,115200
1791262714.5252,115200
1791262714.5755,115200
1791262714.6259,115200
1791262714.6762,115200
1791262714.7265,115200
1791262714.7768,115200
1791262714.8271,115200
1791262714.8774,115200
1791262714.9277,115200
1791262714.9780,115200
1791262715.0283,115200
1791262715.0786,115200
1791262715.1289,115200
1791262715.1792,115200
1791262715.2295,115200
1791262715.2798,115200
1791262715.3301,115200
1791262715.3804,115200
1791262715.4307,115200
1791262715.4811,115200
1791262715.5314,115200
1791262715.5817,115200
1791262715.6321,115200
1791262715.6824,115200
1791262715.7327,115200
1791262715.7831,115200
1791262715.8334,115200
1791262715.8837,115200
1791262715.9340,115200
1791262715.9843,115200
1791262716.0346,115200
1791262716.0849,115200
1791262716.1352,115200
1791262716.1855,115200
1791262716.2358,115200
1791262716.2861,115200
1791262716.3365,115200
1791262716.3868,115200
1791262716.4372,115200
1791262716.4875,115200
1791262716.5378,115200
1791262716.5881,115200
1791262716.6384,115200
1791262716.6888,115200
1791262716.7391,115200
1791262716.7894,115200
1791262716.8397,115200
1791262716.8900,115200
1791262716.9403,115200
1791262716.9906,115200
1791262717.0409,115200
1791262717.0912,115200
1791262717.1415,115200
1791262717.1918,115200
1791262717.2422,115200
1791262717.2925,115200
1791262717.3428,115200
1791262717.3931,115200
1791262717.4434,115200
1791262717.4938,115200
1791262717.5441,115200
1791262717.5945,115200
1791262717.6449,115200
1791262717.6952,115200
1791262717.7455,115200
1791262717.7958,115200
1791262717.8462,115200
1791262717.8965,115200
1791262717.9468,115200
1791262717.9971,115200
1791262718.0474,115200
1791262718.0976,115200
1791262718.1480,115200
1791262718.1982,115200
1791262718.2486,115200
1791262718.2989,115200
1791262718.3492,115200
1791262718.3995,115200
1791262718.4498,115200
1791262718.5001,115200
1791262718.5504,115200
1791262718.6007,115200
1791262718.6511,115200
1791262718.7015,115200
1791262718.7518,115200
1791262718.8021,115200
1791262718.8524,115200
1791262718.9027,115200
1791262718.9530,115200
1791262719.0033,115200
1791262719.0536,115200
1791262719.1039,115200
1791262719.1542,115200
1791262719.2046,115200
1791262719.2549,115200
1791262719.3052,115200
1791262719.3555,115200
1791262719.4058,115200
1791262719.4561,115200
1791262719.5065,115200
1791262719.5568,115200
1791262719.6071,115200
1791262719.6574,115200
1791262719.7078,115200
1791262719.7581,115200
1791262719.8084,115200
1791262719.8587,115200
1791262719.9089,115200
1791262719.9592,115200
1791262720.0095,115200
1791262720.0598,115200
1791262720.1101,115200
1791262720.1604,115200
1791262720.2106,115200
1791262720.2609,115200
1791262720.3112,115200
1791262720.3615,115200
1791262720.4118,115200
1791262720.4621,115200
1791262720.5124,115200
1791262720.5628,115200
1791262720.6132,115200
1791262720.6636,115200
1791262720.7139,115200
1791262720.7642,115200
1791262720.8145,115200
1791262720.8648,115200
1791262720.9151,115200
1791262720.9654,115200
1791262721.0157,115200
1791262721.0660,115200
1791262721.1163,115200
1791262721.1666,115200
1791262721.2169,115200
1791262721.2672,115200
1791262721.3175,115200
1791262721.3678,115200
1791262721.4181,115200
1791262721.4684,115200
1791262721.5187,115200
1791262721.5692,115200
1791262721.6195,115200
1791262721.6700,115200
1791262721.7203,115200
1791262721.7706,115200
1791262721.8209,115200
1791262721.8712,115200
1791262721.9215,115200
1791262721.9718,115200
1791262722.0221,115200
1791262722.0724,115200
1791262722.1227,115200
1791262722.1730,115200
1791262722.2233,115200
1791262722.2736,115200
1791262722.3239,115200
1791262722.3741,115200
1791262722.4244,115200
1791262722.4747,115200
1791262722.5250,115200
1791262722.5754,115200
1791262722.6257,115200
1791262722.6761,115200
1791262722.7264,115200
1791262722.7767,115200
1791262722.8271,115200
1791262722.8773,115200
1791262722.9276,115200
1791262722.9779,115200
1791262723.0282,115200
1791262723.0785,115200
1791262723.1288,115200
1791262723.1791,115200
1791262723.2294,115200
1791262723.2797,115200
1791262723.3300,115200
1791262723.3803,115200
1791262723.4306,115200
1791262723.4810,115200
1791262723.5313,115200
1791262723.5817,115200
1791262723.6321,115200
1791262723.6824,115200
1791262723.7327,115200
1791262723.7830,115200
1791262723.8334,115200
1791262723.8837,115200
1791262723.9340,115200
1791262723.9843,115200
1791262724.0346,115200
1791262724.0849,115200
1791262724.1353,115200
1791262724.1856,115200
1791262724.2359,115200
1791262724.2862,115200
1791262724.3365,115200
1791262724.3868,115200
1791262724.4371,115200
1791262724.4874,115200
1791262724.5377,115200
1791262724.5880,115200
1791262724.6384,115200
1791262724.6887,115200
1791262724.7390,115200
1791262724.7894,115200
1791262724.8396,115200
1791262724.8899,115200
1791262724.9402,115200
1791262724.9905,115200
1791262725.0409,115200
1791262725.0911,115200
1791262725.1414,115200
1791262725.1917,115200
1791262725.2420,115200
1791262725.2923,115200
1791262725.3426,115200
1791262725.3929,115200
1791262725.4432,115200
1791262725.4935,115200
1791262725.5437,115200
1791262725.5940,115200
1791262725.6443,115200
1791262725.6947,115200
1791262725.7450,115200
1791262725.7953,115200
1791262725.8456,115200
1791262725.8959,115200
1791262725.9462,115200
1791262725.9966,115200
1791262726.0469,115200
1791262726.0972,115200
1791262726.1474,115200
1791262726.1977,115200
1791262726.2481,115200
1791262726.2983,115200
1791262726.3486,115200
1791262726.3989,115200
1791262726.4492,115200
1791262726.4995,115200
1791262726.5498,115200
1791262726.6001,115200
1791262726.6504,115200
1791262726.7008,115200
1791262726.7511,115200
1791262726.8014,115200
1791262726.8517,115200
1791262726.9020,115200
1791262726.9524,115200
1791262727.0026,115200
1791262727.0529,115200
1791262727.1032,115200
1791262727.1535,115200
1791262727.2038,115200
1791262727.2541,115200
1791262727.3044,115200
1791262727.3547,115200
1791262727.4050,115200
1791262727.4553,115200
1791262727.5056,115200
1791262727.5559,115200
1791262727.6062,115200
1791262727.6565,115200
1791262727.7069,115200
1791262727.7572,115200
1791262727.8075,115200
1791262727.8578,115200
1791262727.9081,115200
1791262727.9584,115200
1791262728.0087,115200
1791262728.0590,115200
1791262728.1093,115200
1791262728.1596,115200
1791262728.2099,115200
1791262728.2602,115200
1791262728.3105,115200
1791262728.3608,115200
1791262728.4111,115200
1791262728.4614,115200
1791262728.5116,115200
1791262728.5619,115200
1791262728.6122,115200
1791262728.6626,115200
1791262728.7129,115200
1791262728.7633,115200
1791262728.8137,115200
1791262728.8640,115200
1791262728.9143,115200
1791262728.9646,115200
1791262729.0149,115200
1791262729.0653,115200
1791262729.1156,115200
1791262729.1659,115200
1791262729.2162,115200
1791262729.2665,115200
1791262729.3168,115200
1791262729.3671,115200
1791262729.4174,115200
1791262729.4677,115200
1791262729.5180,115200
1791262729.5683,115200
1791262729.6188,115200
1791262729.6691,115200
1791262729.7194,115200
1791262729.7698,115200
1791262729.8202,115200
1791262729.8705,115200
1791262729.9208,115200
1791262729.9711,115200
1791262730.0214,115200
1791262730.0717,115200
1791262730.1220,115200
1791262730.1723,115200
1791262730.2226,115200
1791262730.2730,115200
1791262730.3233,115200
1791262730.3736,115200
1791262730.4239,115200
1791262730.4742,115200
1791262730.5245,115200
1791262730.5748,115200
1791262730.6251,115200
1791262730.6754,115200
1791262730.7257,115200
1791262730.7761,115200
1791262730.8264,115200
1791262730.8767,115200
1791262730.9270,115200
1791262730.9773,115200
1791262731.0276,115200
1791262731.0779,115200
1791262731.1282,115200
1791262731.1785,115200
1791262731.2288,115200
1791262731.2791,115200
1791262731.3295,115200
1791262731.3797,115200
1791262731.4300,115200
1791262731.4804,115200
1791262731.5307,115200
1791262731.5811,115200
1791262731.6314,115200
1791262731.6817,115200
1791262731.7320,115200
1791262731.7823,115200
1791262731.8327,115200
1791262731.8830,115200
1791262731.9333,115200
1791262731.9836,115200
1791262732.0339,115200
1791262732.0842,115200
1791262732.1345,115200
1791262732.1848,115200
1791262732.2351,115200
1791262732.2855,115200
1791262732.3358,115200
1791262732.3861,115200
1791262732.4364,115200
1791262732.4867,115200
1791262732.5370,115200
1791262732.5873,115200
1791262732.6376,115200
1791262732.6879,115200
1791262732.7382,115200
1791262732.7885,115200
1791262732.8389,115200
1791262732.8893,115200
1791262732.9396,115200
1791262732.9899,115200
1791262733.0402,115200
1791262733.0904,115200
1791262733.1407,115200
1791262733.1912,115200
1791262733.2416,115200
1791262733.2919,115200
1791262733.3423,115200
1791262733.3926,115200
1791262733.4429,115200
1791262733.4933,115200
1791262733.5436,115200
1791262733.5939,115200
1791262733.6442,115200
1791262733.6945,115200
1791262733.7448,115200
1791262733.7951,115200
1791262733.8454,115200
1791262733.8958,115200
1791262733.9461,115200
1791262733.9964,115200
1791262734.0466,115200
1791262734.0970,115200
1791262734.1473,115200
1791262734.1976,115200
1791262734.2479,115200
1791262734.2982,115200
1791262734.3485,115200
1791262734.3988,115200
1791262734.4492,115200
1791262734.4995,115200
1791262734.5498,115200
1791262734.6001,115200
1791262734.6505,115200
1791262734.7008,115200
1791262734.7511,115200
1791262734.8014,115200
1791262734.8517,115200
1791262734.9021,115200
1791262734.9524,115200
1791262735.0027,115200
1791262735.0530,115200
1791262735.1033,115200
1791262735.1536,115200
1791262735.2039,115200
1791262735.2542,115200
1791262735.3045,115200
1791262735.3548,115200
1791262735.4053,115200
1791262735.4557,115200
1791262735.5060,115200
1791262735.5563,115200
1791262735.6066,115200
1791262735.6569,115200
1791262735.7072,115200
1791262735.7575,115200
1791262735.8078,115200
1791262735.8581,115200
1791262735.9085,115200
1791262735.9589,115200
1791262736.0093,115200
1791262736.0596,115200
1791262736.1099,115200
1791262736.1603,115200
1791262736.2106,115200
1791262736.2610,115200
1791262736.3113,115200
1791262736.3616,115200
1791262736.4119,115200
1791262736.4622,115200
1791262736.5126,115200
1791262736.5629,115200
1791262736.6133,115200
1791262736.6636,115200
1791262736.7139,115200
1791262736.7642,115200
1791262736.8145,115200
1791262736.8648,115200
1791262736.9151,115200
1791262736.9655,115200
1791262737.0158,115200
1791262737.0661,115200
1791262737.1164,115200
1791262737.1667,115200
1791262737.2170,115200
1791262737.2673,115200
1791262737.3176,115200
1791262737.3679,115200
1791262737.4182,115200
1791262737.4685,115200
1791262737.5188,115200
1791262737.5691,115200
1791262737.6194,115200
1791262737.6699,115200
1791262737.7203,115200
1791262737.7706,115200
1791262737.8209,115200
1791262737.8712,115200
1791262737.9215,115200
1791262737.9719,115200
1791262738.0222,115200
1791262738.0725,115200
1791262738.1228,115200
1791262738.1732,115200
1791262738.2235,115200
1791262738.2738,115200
1791262738.3241,115200
1791262738.3744,115200
1791262738.4247,115200
1791262738.4751,115200
1791262738.5254,115200
1791262738.5757,115200
1791262738.6260,115200
1791262738.6764,115200
1791262738.7267,115200
1791262738.7770,115200
1791262738.8273,115200
1791262738.8777,115200
1791262738.9280,115200
1791262738.9783,115200
1791262739.0287,115200
1791262739.0790,115200
1791262739.1293,115200
1791262739.1796,115200
1791262739.2299,115200
1791262739.2802,115200
1791262739.3306,115200
1791262739.3809,115200
1791262739.4312,115200
1791262739.4815,115200
1791262739.5319,115200
1791262739.5824,115200
1791262739.6328,115200
1791262739.6832,115200
1791262739.7335,115200
1791262739.7838,115200
1791262739.8342,115200
1791262739.8845,115200
1791262739.9348,115200
1791262739.9852,115200
1791262740.0355,115200
1791262740.0858,115200
1791262740.1361,115200
1791262740.1865,115200
1791262740.2368,115200
1791262740.2871,115200
1791262740.3374,115200
1791262740.3877,115200
1791262740.4381,115200
1791262740.4884,115200
1791262740.5387,115200
1791262740.5890,115200
1791262740.6393,115200
1791262740.6896,115200
1791262740.7400,115200
1791262740.7903,115200
1791262740.8406,115200
1791262740.8909,115200
1791262740.9412,115200
1791262740.9916,115200
1791262741.0419,115200
1791262741.0922,115200
1791262741.1425,115200
1791262741.1929,115200
1791262741.2432,115200
1791262741.2935,115200
1791262741.3438,115200
1791262741.3941,115200
1791262741.4444,115200
1791262741.4947,115200
1791262741.5450,115200
1791262741.5953,115200
1791262741.6457,115200
1791262741.6960,115200
1791262741.7463,115200
1791262741.7966,115200
1791262741.8469,115200
1791262741.8972,115200
1791262741.9475,115200
1791262741.9978,115200
1791262742.0481,115200
1791262742.0985,115200
1791262742.1488,115200
1791262742.1991,115200
1791262742.2495,115200
1791262742.2998,115200
1791262742.3501,115200
1791262742.4004,115200
1791262742.4507,115200
1791262742.5010,115200
1791262742.5513,115200
1791262742.6016,115200
1791262742.6519,115200
1791262742.7022,115200
1791262742.7525,115200
1791262742.8028,115200
1791262742.8531,115200
1791262742.9033,115200
1791262742.9536,115200
1791262743.0039,115200
1791262743.0542,115200
1791262743.1046,115200
1791262743.1550,115200
1791262743.2053,115200
1791262743.2556,115200
1791262743.3059,115200
1791262743.3562,115200
1791262743.4065,115200
1791262743.4568,115200
1791262743.5071,115200
1791262743.5574,115200
1791262743.6077,115200
1791262743.6580,115200
1791262743.7084,115200
1791262743.7587,115200
1791262743.8090,115200
1791262743.8593,115200
1791262743.9096,115200
1791262743.9600,115200
1791262744.0102,115200
1791262744.0606,115200
1791262744.1110,115200
1791262744.1614,115200
1791262744.2117,115200
1791262744.2620,115200
1791262744.3123,115200
1791262744.3626,115200
1791262744.4129,115200
1791262744.4632,115200
1791262744.5135,115200
1791262744.5638,115200
1791262744.6141,115200
1791262744.6645,115200
1791262744.7148,115200
1791262744.7651,115200
1791262744.8154,115200
1791262744.8657,115200
1791262744.9160,115200
1791262744.9663,115200
1791262745.0166,115200
1791262745.0669,115200
1791262745.1174,115200
1791262745.1678,115200
1791262745.2182,115200
1791262745.2685,115200
1791262745.3188,115200
1791262745.3691,115200
1791262745.4194,115200
1791262745.4697,115200
1791262745.5200,115200
1791262745.5703,115200
1791262745.6206,115200
1791262745.6710,115200
1791262745.7214,115200
1791262745.7717,115200
1791262745.8220,115200
1791262745.8723,115200
1791262745.9226,115200
1791262745.9729,115200
1791262746.0232,115200
1791262746.0735,115200
1791262746.1238,115200
1791262746.1741,115200
1791262746.2245,115200
1791262746.2748,115200
1791262746.3251,115200
1791262746.3754,115200
1791262746.4257,115200
1791262746.4760,115200
1791262746.5263,115200
1791262746.5766,115200
1791262746.6269,115200
1791262746.6774,115200
1791262746.7279,115200
1791262746.7782,115200
1791262746.8285,115200
1791262746.8788,115200
1791262746.9291,115200
1791262746.9795,115200
1791262747.0298,115200
1791262747.0801,115200
1791262747.1304,115200
1791262747.1808,115200
1791262747.2311,115200
1791262747.2814,115200
1791262747.3317,115200
1791262747.3820,115200
1791262747.4323,115200
1791262747.4828,115200
1791262747.5332,115200
1791262747.5835,115200
1791262747.6338,115200
1791262747.6842,115200
1791262747.7345,115200
1791262747.7848,115200
1791262747.8351,115200
1791262747.8854,115200
1791262747.9357,115200
1791262747.9860,115200
1791262748.0363,115200
1791262748.0866,115200
1791262748.1369,115200
1791262748.1872,115200
1791262748.2376,115200
1791262748.2879,115200
1791262748.3382,115200
1791262748.3885,115200
1791262748.4388,115200
1791262748.4892,115200
1791262748.5395,115200
1791262748.5898,115200
1791262748.6401,115200
1791262748.6905,115200
1791262748.7408,115200
1791262748.7911,115200
1791262748.8414,115200
1791262748.8917,115200
1791262748.9420,115200
1791262748.9923,115200
1791262749.0426,115200
1791262749.0929,115200
1791262749.1432,115200
1791262749.1935,115200
1791262749.2438,115200
1791262749.2942,115200
1791262749.3445,115200
1791262749.3948,115200
1791262749.4451,115200
1791262749.4954,115200
1791262749.5456,115200
1791262749.5959,115200
1791262749.6463,115200
1791262749.6966,115200
1791262749.7469,115200
1791262749.7972,115200
1791262749.8475,115200
1791262749.8978,115200
1791262749.9481,115200
1791262749.9984,115200
1791262750.0487,115200
1791262750.0990,115200
1791262750.1493,115200
1791262750.1996,115200
1791262750.2500,115200
1791262750.3003,115200
1791262750.3507,115200
1791262750.4011,115200
1791262750.4514,115200
1791262750.5017,115200
1791262750.5520,115200
1791262750.6023,115200
1791262750.6526,115200
1791262750.7029,115200
1791262750.7532,115200
1791262750.8035,115200
1791262750.8538,115200
1791262750.9041,115200
1791262750.9544,115200
1791262751.0047,115200
1791262751.0550,115200
1791262751.1053,115200
1791262751.1556,115200
1791262751.2060,115200
1791262751.2564,115200
1791262751.3067,115200
1791262751.3571,115200
1791262751.4074,115200
1791262751.4577,115200
1791262751.5080,115200
1791262751.5583,115200
1791262751.6086,115200
1791262751.6589,115200
1791262751.7093,115200
1791262751.7597,115200
1791262751.8100,115200
1791262751.8603,115200
1791262751.9106,115200
1791262751.9609,115200
1791262752.0112,115200
1791262752.0615,115200
1791262752.1118,115200
1791262752.1621,115200
1791262752.2124,115200
1791262752.2627,115200
1791262752.3130,115200
1791262752.3633,115200
1791262752.4135,115200
1791262752.4638,115200
1791262752.5141,115200
1791262752.5644,115200
1791262752.6147,115200
1791262752.6651,115200
1791262752.7154,115200
1791262752.7657,115200
1791262752.8161,115200
1791262752.8664,115200
1791262752.9167,115200
1791262752.9670,115200
1791262753.0173,115200
1791262753.0676,115200
1791262753.1179,115200
1791262753.1682,115200
1791262753.2185,115200
1791262753.2688,115200
1791262753.3192,115200
1791262753.3695,115200
1791262753.4198,115200
1791262753.4701,115200
1791262753.5204,115200
1791262753.5707,115200
1791262753.6210,115200
1791262753.6713,115200
1791262753.7216,115200
1791262753.7719,115200
1791262753.8222,115200
1791262753.8725,115200
1791262753.9228,115200
1791262753.9732,115200
1791262754.0235,115200
1791262754.0738,115200
1791262754.1241,115200
1791262754.1744,115200
1791262754.2247,115200
1791262754.2750,115200
1791262754.3253,115200
1791262754.3756,115200
1791262754.4259,115200
1791262754.4762,115200
1791262754.5265,115200
1791262754.5769,115200
1791262754.6272,115200
1791262754.6776,115200
1791262754.7279,115200
1791262754.7782,115200
1791262754.8285,115200
1791262754.8789,115200
1791262754.9292,115200
1791262754.9795,115200
1791262755.0298,115200
1791262755.0802,115200
1791262755.1305,115200
1791262755.1808,115200
1791262755.2311,115200
1791262755.2814,115200
1791262755.3317,115200
1791262755.3821,115200
1791262755.4324,115200
1791262755.4827,115200
1791262755.5330,115200
1791262755.5833,115200
1791262755.6336,115200
1791262755.6840,115200
1791262755.7343,115200
1791262755.7846,115200
1791262755.8349,115200
1791262755.8853,115200
1791262755.9356,115200
1791262755.9859,115200
1791262756.0361,115200
1791262756.0865,115200
1791262756.1368,115200
1791262756.1871,115200
1791262756.2374,115200
1791262756.2877,115200
1791262756.3380,115200
1791262756.3883,115200
1791262756.4386,115200
1791262756.4889,115200
1791262756.5392,115200
1791262756.5896,115200
1791262756.6400,115200
1791262756.6904,115200
1791262756.7407,115200
1791262756.7909,115200
1791262756.8413,115200
1791262756.8916,115200
1791262756.9419,115200
1791262756.9922,115200
1791262757.0425,115200
1791262757.0928,115200
1791262757.1430,115200
1791262757.1934,115200
1791262757.2436,115200
1791262757.2939,115200
1791262757.3442,115200
1791262757.3946,115200
1791262757.4449,115200
1791262757.4954,115200
1791262757.5457,115200
1791262757.5961,115200
1791262757.6464,115200
1791262757.6967,115200
1791262757.7470,115200
1791262757.7973,115200
1791262757.8476,115200
1791262757.8979,115200
1791262757.9482,115200
1791262757.9985,115200
1791262758.0488,115200
1791262758.0991,115200
1791262758.1494,115200
1791262758.1997,115200
1791262758.2499,115200
1791262758.3002,115200
1791262758.3505,115200
1791262758.4008,115200
1791262758.4512,115200
1791262758.5015,115200
1791262758.5519,115200
1791262758.6022,115200
1791262758.6525,115200
1791262758.7028,115200
1791262758.7532,115200
1791262758.8035,115200
1791262758.8539,115200
1791262758.9042,115200
1791262758.9546,115200
1791262759.0049,115200
1791262759.0552,115200
1791262759.1055,115200
1791262759.1558,115200
1791262759.2061,115200
1791262759.2564,115200
1791262759.3067,115200
1791262759.3570,115200
1791262759.4073,115200
1791262759.4577,115200
1791262759.5080,115200
1791262759.5583,115200
1791262759.6086,115200
1791262759.6590,115200
1791262759.7093,115200
1791262759.7596,115200
1791262759.8099,115200
1791262759.8602,115200
1791262759.9105,115200
1791262759.9608,115200
1791262760.0111,115200
1791262760.0614,115200
1791262760.1117,115200
1791262760.1620,115200
1791262760.2123,115200
1791262760.2626,115200
1791262760.3129,115200
1791262760.3632,115200
1791262760.4135,115200
1791262760.4638,115200
1791262760.5142,115200
1791262760.5645,115200
1791262760.6148,115200
1791262760.6651,115200
1791262760.7155,115200
1791262760.7658,115200
1791262760.8161,115200
1791262760.8664,115200
1791262760.9167,115200
1791262760.9670,115200
1791262761.0173,115200
1791262761.0676,115200
1791262761.1178,115200
1791262761.1681,115200
1791262761.2184,115200
1791262761.2687,115200
1791262761.3190,115200
1791262761.3693,115200
1791262761.4196,115200
1791262761.4699,115200
1791262761.5203,115200
1791262761.5706,115200
1791262761.6209,115200
1791262761.6712,115200
1791262761.7216,115200
1791262761.7719,115200
1791262761.8222,115200
1791262761.8725,115200
1791262761.9228,115200
1791262761.9732,115200
1791262762.0235,115200
1791262762.0738,115200
1791262762.1240,115200
1791262762.1744,115200
1791262762.2247,115200
1791262762.2751,115200
1791262762.3254,115200
1791262762.3757,115200
1791262762.4260,115200
1791262762.4763,115200
1791262762.5267,115200
1791262762.5771,115200
1791262762.6274,115200
1791262762.6777,115200
1791262762.7280,115200
1791262762.7783,115200
1791262762.8286,115200
1791262762.8789,115200
1791262762.9293,115200
1791262762.9796,115200
1791262763.0300,115200
1791262763.0803,115200
1791262763.1306,115200
1791262763.1809,115200
1791262763.2312,115200
1791262763.2816,115200
1791262763.3319,115200
1791262763.3823,115200
1791262763.4326,115200
1791262763.4829,115200
1791262763.5336,115200
1791262763.5839,115200
1791262763.6342,115200
1791262763.6845,115200
1791262763.7349,115200
1791262763.7852,115200
1791262763.8356,115200
1791262763.8860,115200
1791262763.9364,115200
1791262763.9867,115200
1791262764.0370,115200
1791262764.0874,115200
1791262764.1377,115200
1791262764.1880,115200
1791262764.2383,115200
1791262764.2886,115200
1791262764.3389,115200
1791262764.3892,115200
1791262764.4395,115200
1791262764.4898,115200
1791262764.5401,115200
1791262764.5905,115200
1791262764.6409,115200
1791262764.6913,115200
1791262764.7417,115200
1791262764.7921,115200
1791262764.8424,115200
1791262764.8927,115200
1791262764.9430,115200
1791262764.9933,115200
1791262765.0436,115200
1791262765.0939,115200
1791262765.1442,115200
1791262765.1945,115200
1791262765.2448,115200
1791262765.2951,115200
1791262765.3454,115200
1791262765.3957,115200
1791262765.4460,115200
1791262765.4963,115200
1791262765.5466,115200
1791262765.5972,115200
1791262765.6476,115200
1791262765.6980,115200
1791262765.7483,115200
1791262765.7986,115200
1791262765.8489,115200
1791262765.8993,115200
1791262765.9496,115200
1791262765.9999,115200
1791262766.0501,115200
1791262766.1004,115200
1791262766.1507,115200
1791262766.2010,115200
1791262766.2513,115200
1791262766.3016,115200
1791262766.3519,115200
1791262766.4022,115200
1791262766.4525,115200
1791262766.5028,115200
1791262766.5533,115200
1791262766.6037,115200
1791262766.6541,115200
1791262766.7044,115200
1791262766.7548,115200
1791262766.8051,115200
1791262766.8554,115200
1791262766.9057,115200
1791262766.9560,115200
1791262767.0063,115200
1791262767.0566,115200
1791262767.1069,115200
1791262767.1572,115200
1791262767.2075,115200
1791262767.2578,115200
1791262767.3082,115200
1791262767.3585,115200
1791262767.4090,115200
1791262767.4594,115200
1791262767.5098,115200
1791262767.5601,115200
1791262767.6104,115200
1791262767.6608,115200
1791262767.7111,115200
1791262767.7614,115200
1791262767.8117,115200
1791262767.8620,115200
1791262767.9123,115200
1791262767.9626,115200
1791262768.0129,115200
1791262768.0632,115200
1791262768.1135,115200
1791262768.1638,115200
1791262768.2142,115200
1791262768.2645,115200
1791262768.3148,115200
1791262768.3652,115200
1791262768.4155,115200
1791262768.4658,115200
1791262768.5161,115200
1791262768.5664,115200
1791262768.6167,115200
1791262768.6672,115200
1791262768.7175,115200
1791262768.7678,115200
1791262768.8181,115200
1791262768.8684,115200
1791262768.9187,115200
1791262768.9690,115200
1791262769.0194,115200
1791262769.0697,115200
1791262769.1200,115200
1791262769.1703,115200
1791262769.2206,115200
1791262769.2709,115200
1791262769.3212,115200
1791262769.3715,115200
1791262769.4219,115200
1791262769.4723,115200
1791262769.5226,115200
1791262769.5729,115200
1791262769.6232,115200
1791262769.6735,115200
1791262769.7239,115200
1791262769.7742,115200
1791262769.8245,115200
1791262769.8748,115200
1791262769.9252,115200
1791262769.9755,115200
1791262770.0260,115200
1791262770.0763,115200
1791262770.1266,115200
1791262770.1769,115200
1791262770.2272,115200
1791262770.2775,115200
1791262770.3278,115200
1791262770.3781,115200
1791262770.4284,115200
1791262770.4787,115200
1791262770.5290,115200
1791262770.5793,115200
1791262770.6296,115200
1791262770.6800,115200
1791262770.7305,115200
1791262770.7808,115200
1791262770.8312,115200
1791262770.8815,115200
1791262770.9318,115200
1791262770.9821,115200
1791262771.0324,115200
1791262771.0827,115200
1791262771.1330,115200
1791262771.1833,115200
1791262771.2336,115200
1791262771.2839,115200
1791262771.3342,115200
1791262771.3845,115200
1791262771.4348,115200
1791262771.4851,115200
1791262771.5354,115200
1791262771.5857,115200
1791262771.6361,115200
1791262771.6865,115200
1791262771.7369,115200
1791262771.7872,115200
1791262771.8375,115200
1791262771.8879,115200
1791262771.9382,115200
1791262771.9885,115200
1791262772.0388,115200
1791262772.0890,115200
1791262772.1393,115200
1791262772.1896,115200
1791262772.2399,115200
1791262772.2902,115200
1791262772.3405,115200
1791262772.3908,115200
1791262772.4411,115200
1791262772.4914,115200
1791262772.5417,115200
1791262772.5920,115200
1791262772.6423,115200
1791262772.6926,115200
1791262772.7429,115200
1791262772.7934,115200
1791262772.8437,115200
1791262772.8940,115200
1791262772.9443,115200
1791262772.9946,115200
1791262773.0449,115200
1791262773.0952,115200
1791262773.1455,115200
1791262773.1958,115200
1791262773.2461,115200
1791262773.2964,115200
1791262773.3466,115200
1791262773.3969,115200
1791262773.4472,115200
1791262773.4975,115200
1791262773.5478,115200
1791262773.5981,115200
1791262773.6484,115200
1791262773.6987,115200
1791262773.7490,115200
1791262773.7993,115200
1791262773.8497,115200
1791262773.9000,115200
1791262773.9503,115200
1791262774.0006,115200
1791262774.0509,115200
1791262774.1013,115200
1791262774.1516,115200
1791262774.2019,115200
1791262774.2521,115200
1791262774.3024,115200
1791262774.3527,115200
1791262774.4030,115200
1791262774.4533,115200
1791262774.5036,115200
1791262774.5539,115200
1791262774.6042,115200
1791262774.6545,115200
1791262774.7048,115200
1791262774.7551,115200
1791262774.8055,115200
1791262774.8559,115200
1791262774.9062,115200
1791262774.9565,115200
1791262775.0068,115200
1791262775.0571,115200
1791262775.1074,115200
1791262775.1577,115200
1791262775.2080,115200
1791262775.2583,115200
1791262775.3086,115200
1791262775.3589,115200
1791262775.4094,115200
1791262775.4597,115200
1791262775.5100,115200
1791262775.5604,115200
1791262775.6107,115200
1791262775.6611,115200
1791262775.7114,115200
1791262775.7617,115200
1791262775.8120,115200
1791262775.8623,115200
1791262775.9127,115200
1791262775.9630,115200
1791262776.0133,115200
1791262776.0636,115200
1791262776.1139,115200
1791262776.1642,115200
1791262776.2145,115200
1791262776.2648,115200
1791262776.3151,115200
1791262776.3653,115200
1791262776.4156,115200
1791262776.4659,115200
1791262776.5162,115200
1791262776.5665,115200
1791262776.6168,115200
1791262776.6672,115200
1791262776.7175,115200
1791262776.7678,115200
1791262776.8181,115200
1791262776.8684,115200
1791262776.9187,115200
1791262776.9690,115200
1791262777.0193,115200
1791262777.0697,115200
1791262777.1200,115200
1791262777.1703,115200
1791262777.2206,115200
1791262777.2709,115200
1791262777.3212,115200
1791262777.3716,115200
1791262777.4219,115200
1791262777.4722,115200
1791262777.5225,115200
1791262777.5728,115200
1791262777.6231,115200
1791262777.6734,115200
1791262777.7237,115200
1791262777.7740,115200
1791262777.8243,115200
1791262777.8747,115200
1791262777.9251,115200
1791262777.9755,115200
1791262778.0258,115200
1791262778.0761,115200
1791262778.1264,115200
1791262778.1767,115200
1791262778.2270,115200
1791262778.2773,115200
1791262778.3276,115200
1791262778.3779,115200
1791262778.4282,115200
1791262778.4785,115200
1791262778.5289,115200
1791262778.5793,115200
1791262778.6296,115200
1791262778.6800,115200
1791262778.7303,115200
1791262778.7806,115200
1791262778.8309,115200
1791262778.8813,115200
1791262778.9316,115200
1791262778.9819,115200
1791262779.0322,115200
1791262779.0825,115200
1791262779.1328,115200
1791262779.1832,115200
1791262779.2336,115200
1791262779.2839,115200
1791262779.3342,115200
1791262779.3845,115200
1791262779.4348,115200
1791262779.4851,115200
1791262779.5354,115200
1791262779.5857,115200
1791262779.6360,115200
1791262779.6863,115200
1791262779.7366,115200
1791262779.7869,115200
1791262779.8372,115200
1791262779.8875,115200
1791262779.9379,115200
1791262779.9882,115200
1791262780.0385,115200
1791262780.0888,115200
1791262780.1391,115200
1791262780.1894,115200
1791262780.2397,115200
1791262780.2900,115200
1791262780.3403,115200
1791262780.3906,115200
1791262780.4409,115200
1791262780.4912,115200
1791262780.5415,115200
1791262780.5918,115200
1791262780.6420,115200
1791262780.6923,115200
1791262780.7426,115200
1791262780.7930,115200
1791262780.8432,115200
1791262780.8939,115200
1791262780.9443,115200
1791262780.9946,115200
1791262781.0449,115200
1791262781.0952,115200
1791262781.1457,115200
1791262781.1960,115200
1791262781.2463,115200
1791262781.2966,115200
1791262781.3469,115200
1791262781.3972,115200
1791262781.4475,115200
1791262781.4979,115200
1791262781.5482,115200
1791262781.5985,115200
1791262781.6487,115200
1791262781.6991,115200
1791262781.7493,115200
1791262781.7997,115200
1791262781.8499,115200
1791262781.9002,115200
1791262781.9506,115200
1791262782.0009,115200
1791262782.0513,115200
1791262782.1017,115200
1791262782.1520,115200
1791262782.2023,115200
1791262782.2526,115200
1791262782.3030,115200
1791262782.3533,115200
1791262782.4036,115200
1791262782.4539,115200
1791262782.5042,115200
1791262782.5545,115200
1791262782.6048,115200
1791262782.6551,115200
1791262782.7055,115200
1791262782.7558,115200
1791262782.8061,115200
1791262782.8564,115200
1791262782.9067,115200
1791262782.9570,115200
1791262783.0074,115200
1791262783.0577,115200
1791262783.1080,115200
1791262783.1583,115200
1791262783.2087,115200
1791262783.2591,115200
1791262783.3094,115200
1791262783.3597,115200
1791262783.4100,115200
1791262783.4603,115200
1791262783.5106,115200
1791262783.5609,115200
1791262783.6112,115200
1791262783.6615,115200
1791262783.7118,115200
1791262783.7621,115200
1791262783.8124,115200
1791262783.8627,115200
1791262783.9130,115200
1791262783.9633,115200
1791262784.0136,115200
1791262784.0640,115200
1791262784.1144,115200
1791262784.1647,115200
1791262784.2151,115200
1791262784.2654,115200
1791262784.3157,115200
1791262784.3659,115200
1791262784.4162,115200
1791262784.4665,115200
1791262784.5168,115200
1791262784.5671,115200
1791262784.6174,115200
1791262784.6677,115200
1791262784.7180,115200
1791262784.7683,115200
1791262784.8186,115200
1791262784.8689,115200
1791262784.9192,115200
1791262784.9695,115200
1791262785.0197,115200
1791262785.0701,115200
1791262785.1204,115200
1791262785.1707,115200
1791262785.2210,115200
1791262785.2713,115200
1791262785.3216,115200
1791262785.3719,115200
1791262785.4222,115200
1791262785.4725,115200
1791262785.5228,115200
1791262785.5731,115200
1791262785.6234,115200
1791262785.6736,115200
1791262785.7239,115200
1791262785.7742,115200
1791262785.8245,115200
1791262785.8748,115200
1791262785.9251,115200
1791262785.9754,115200
1791262786.0257,115200
1791262786.0760,115200
1791262786.1263,115200
1791262786.1766,115200
1791262786.2269,115200
1791262786.2772,115200
1791262786.3276,115200
1791262786.3779,115200
1791262786.4282,115200
1791262786.4785,115200
1791262786.5287,115200
1791262786.5791,115200
1791262786.6294,115200
1791262786.6797,115200
1791262786.7300,115200
1791262786.7802,115200
1791262786.8305,115200
1791262786.8808,115200
1791262786.9313,115200
1791262786.9817,115200
1791262787.0320,115200
1791262787.0824,115200
1791262787.1328,115200
1791262787.1832,115200
1791262787.2335,115200
1791262787.2838,115200
1791262787.3341,115200
1791262787.3844,115200
1791262787.4347,115200
1791262787.4850,115200
1791262787.5353,115200
1791262787.5856,115200
1791262787.6359,115200
1791262787.6862,115200
1791262787.7364,115200
1791262787.7867,115200
1791262787.8370,115200
1791262787.8873,115200
1791262787.9376,115200
1791262787.9879,115200
1791262788.0382,115200
1791262788.0885,115200
1791262788.1389,115200
1791262788.1893,115200
