frame,arrival_ms,latency_ms,enqueue_to_done_ms
20,49.768,20.355,13.228
21,66.434,22.293,13.190
22,83.101,26.083,13.163
23,99.768,26.837,13.156
24,116.434,29.102,13.198
25,133.101,32.941,13.177
26,149.768,35.689,13.241
27,166.434,38.391,13.168
28,183.101,41.542,13.155
29,199.768,43.378,13.183
30,216.434,46.891,13.187
31,233.101,49.163,13.181
32,249.768,49.966,13.149
33,266.434,55.965,13.175
34,283.101,58.477,13.168
35,299.768,60.374,13.169
36,316.434,62.388,13.142
37,333.101,66.658,13.185
38,349.768,68.402,13.161
39,366.434,69.690,13.142
40,383.101,73.117,13.152
41,399.768,77.033,13.154
42,416.434,80.447,13.173
43,433.101,81.014,13.173
44,449.768,82.984,13.142
45,466.434,86.659,13.129
46,483.101,89.488,13.150
47,499.768,93.793,13.159
48,516.434,97.501,13.170
49,533.101,101.134,13.161
50,549.768,103.704,13.174
51,566.434,105.201,13.158
52,583.101,106.764,13.131
53,599.768,110.094,13.227
54,616.434,111.497,13.210
55,633.101,113.237,13.163
56,649.768,115.701,13.151
57,666.434,118.449,13.161
58,683.101,121.167,13.166
59,699.768,122.659,13.184
60,716.434,123.865,13.142
61,733.101,127.001,13.155
62,749.768,129.167,13.164
63,766.434,132.509,13.135
64,783.101,135.761,13.153
65,799.768,138.072,13.171
66,816.434,139.041,13.163
67,833.101,140.639,13.180
68,849.768,144.425,13.147
69,866.434,148.438,13.145
70,883.101,150.109,13.130
71,899.768,154.728,13.141
72,916.434,156.930,13.161
73,933.101,161.154,13.158
74,949.768,164.558,13.174
75,966.434,168.317,13.180
76,983.101,169.709,13.139
77,999.768,171.908,13.173
78,1016.434,174.497,13.158
79,1033.101,176.335,13.148
80,1049.768,177.071,13.162
81,1066.434,180.972,13.167
82,1083.101,185.510,13.139
83,1099.768,188.584,13.215
84,1116.434,192.926,13.201
85,1133.101,199.082,13.180
86,1149.768,200.370,13.188
87,1166.434,205.518,13.184
88,1183.101,209.697,13.200
89,1199.768,211.401,13.163
90,1216.434,213.904,13.166
91,1233.101,218.289,13.165
92,1249.768,221.393,13.165
93,1266.434,224.228,13.167
94,1283.101,229.810,13.168
95,1299.768,232.491,13.159
96,1316.434,235.716,13.191
97,1333.101,241.299,13.147
98,1349.768,246.668,13.179
99,1366.434,250.044,13.170
100,1383.101,252.949,13.176
101,1399.768,255.249,13.162
102,1416.434,256.527,13.152
103,1433.101,262.717,13.201
104,1449.768,265.812,13.157
105,1466.434,268.206,13.166
106,1483.101,269.716,13.148
107,1499.768,270.277,13.140
108,1516.434,272.544,13.168
109,1533.101,276.463,13.219
110,1549.768,280.072,13.179
111,1566.434,283.860,13.173
112,1583.101,287.219,13.225
113,1599.768,288.524,13.153
114,1616.434,292.498,13.170
115,1633.101,296.294,13.208
116,1649.768,297.577,13.158
117,1666.434,300.954,13.157
118,1683.101,304.150,13.193
119,1699.768,306.975,13.179
120,1716.434,312.178,13.181
121,1733.101,317.721,13.206
122,1749.768,319.053,13.170
123,1766.434,322.889,13.171
124,1783.101,325.982,13.161
125,1799.768,328.815,13.160
126,1816.434,332.147,13.147
127,1833.101,333.826,13.137
128,1849.768,336.458,13.154
129,1866.434,339.890,13.153
130,1883.101,342.181,13.160
131,1899.768,342.976,13.163
132,1916.434,347.084,13.166
133,1933.101,350.119,13.184
134,1949.768,352.674,13.152
135,1966.434,357.218,13.175
136,1983.101,359.078,13.226
137,1999.768,362.812,13.173
138,2016.434,364.517,13.174
139,2033.101,367.938,13.189
140,2049.768,371.997,13.178
141,2066.434,374.137,13.164
142,2083.101,377.295,13.147
143,2099.768,380.408,13.209
144,2116.434,381.487,13.165
145,2133.101,384.367,13.167
146,2149.768,389.197,13.156
147,2166.434,392.917,13.165
148,2183.101,397.837,13.172
149,2199.768,401.805,13.180
150,2216.434,403.577,13.160
151,2233.101,404.532,13.158
152,2249.768,408.644,13.169
153,2266.434,410.816,13.158
154,2283.101,412.226,13.162
155,2299.768,414.897,13.149
156,2316.434,416.369,13.161
157,2333.101,420.323,13.158
158,2349.768,424.306,13.173
159,2366.434,428.013,13.149
160,2383.101,433.162,13.174
161,2399.768,435.609,13.210
162,2416.434,442.853,13.217
163,2433.101,444.385,13.148
164,2449.768,447.557,13.153
165,2466.434,450.286,13.179
166,2483.101,456.336,13.185
167,2499.768,458.092,13.157
168,2516.434,462.977,13.171
169,2533.101,465.512,13.158
170,2549.768,467.330,13.176
171,2566.434,470.189,13.150
172,2583.101,473.245,13.156
173,2599.768,475.674,13.185
174,2616.434,479.912,13.174
175,2633.101,482.758,13.153
176,2649.768,488.454,13.173
177,2666.434,491.388,13.167
178,2683.101,494.343,13.168
179,2699.768,497.999,13.170
180,2716.434,500.125,13.150
181,2733.101,505.328,13.168
182,2749.768,507.654,13.166
183,2766.434,510.825,13.196
184,2783.101,513.703,13.209
185,2799.768,515.629,13.141
186,2816.434,516.394,13.111
187,2833.101,517.347,13.133
188,2849.768,521.558,13.186
189,2866.434,526.081,13.163
190,2883.101,531.175,13.183
191,2899.768,532.698,13.181
192,2916.434,535.307,13.181
193,2933.101,540.038,13.187
194,2949.768,542.184,13.156
195,2966.434,544.460,13.176
196,2983.101,546.677,13.156
197,2999.768,549.428,13.181
198,3016.434,550.856,13.149
199,3033.101,552.885,13.137
200,3049.768,554.498,13.175
201,3066.434,557.495,13.171
202,3083.101,562.842,13.168
203,3099.768,564.657,13.167
204,3116.434,565.520,13.186
205,3133.101,569.073,13.170
206,3149.768,571.278,13.138
207,3166.434,572.760,13.162
208,3183.101,577.520,13.161
209,3199.768,580.760,13.163
210,3216.434,583.772,13.163
211,3233.101,584.961,13.152
212,3249.768,585.384,13.159
213,3266.434,587.238,13.145
214,3283.101,589.288,13.174
215,3299.768,592.868,13.166
216,3316.434,594.101,13.152
217,3333.101,596.417,13.196
218,3349.768,599.512,13.166
219,3366.434,602.238,13.150
220,3383.101,604.000,13.145
221,3399.768,606.854,13.149
222,3416.434,611.021,13.163
223,3433.101,614.569,13.157
224,3449.768,614.947,13.166
225,3466.434,621.881,13.164
226,3483.101,624.939,13.204
227,3499.768,625.225,13.193
228,3516.434,627.146,13.176
229,3533.101,629.288,13.175
230,3549.768,756.094,13.175
231,3566.434,759.175,13.306
232,3583.101,762.777,13.233
233,3599.768,764.741,13.207
234,3616.434,767.596,13.194
235,3633.101,772.745,13.176
236,3649.768,778.484,13.219
237,3666.434,783.159,13.182
238,3683.101,786.039,13.189
239,3699.768,788.452,13.150
240,3716.434,790.845,13.155
241,3733.101,794.152,13.154
242,3749.768,795.868,13.109
243,3766.434,797.578,13.177
244,3783.101,799.953,13.164
245,3799.768,803.976,13.156
246,3816.434,806.823,13.142
247,3833.101,810.054,13.192
248,3849.768,811.112,13.133
249,3866.434,812.531,13.185
250,3883.101,817.986,13.156
251,3899.768,822.840,13.203
252,3916.434,826.909,13.166
253,3933.101,832.098,13.162
254,3949.768,833.941,13.220
255,3966.434,836.414,13.187
256,3983.101,840.177,13.191
257,3999.768,841.932,13.196
258,4016.434,846.017,13.168
259,4033.101,846.587,13.149
260,4049.768,849.236,13.164
261,4066.434,851.481,13.161
262,4083.101,856.984,13.212
263,4099.768,857.407,13.134
264,4116.434,859.957,13.150
265,4133.101,861.533,13.139
266,4149.768,864.382,13.172
267,4166.434,866.403,13.147
268,4183.101,869.397,13.154
269,4199.768,873.194,13.188
270,4216.434,879.442,13.191
271,4233.101,883.879,13.164
272,4249.768,886.912,13.184
273,4266.434,889.699,13.130
274,4283.101,892.944,13.145
275,4299.768,896.845,13.151
276,4316.434,899.757,13.150
277,4333.101,903.216,13.210
278,4349.768,908.457,13.190
279,4366.434,911.634,13.149
280,4383.101,915.323,13.172
281,4399.768,917.697,13.154
282,4416.434,921.419,13.153
283,4433.101,924.110,13.186
284,4449.768,927.260,13.163
285,4466.434,930.192,13.161
286,4483.101,935.421,13.159
287,4499.768,937.833,13.201
288,4516.434,941.107,13.175
289,4533.101,943.642,13.137
290,4549.768,948.060,13.158
291,4566.434,953.178,13.152
292,4583.101,956.650,13.174
293,4599.768,960.560,13.171
294,4616.434,966.052,13.185
295,4633.101,969.382,13.201
296,4649.768,972.146,13.158
297,4666.434,974.595,13.137
298,4683.101,975.352,13.168
299,4699.768,979.356,13.164
300,4716.434,981.862,13.162
301,4733.101,984.259,13.160
302,4749.768,985.550,13.136
303,4766.434,987.241,13.148
304,4783.101,990.244,13.149
305,4799.768,992.314,13.175
306,4816.434,995.533,13.201
307,4833.101,1000.485,13.214
308,4849.768,1005.056,13.210
309,4866.434,1007.935,13.201
310,4883.101,1013.776,13.185
311,4899.768,1018.050,13.188
312,4916.434,1020.701,13.200
313,4933.101,1023.720,13.167
314,4949.768,1024.111,13.144
315,4966.434,1027.446,13.161
316,4983.101,1032.330,13.228
317,4999.768,1037.706,13.171
318,5016.434,1041.500,13.163
319,5033.101,1042.067,13.147
320,5049.768,1044.608,13.166
321,5066.434,1047.049,13.163
322,5083.101,1051.023,13.171
323,5099.768,1054.619,13.136
324,5116.434,1057.991,13.157
325,5133.101,1060.052,13.154
326,5149.768,1062.727,13.136
327,5166.434,1064.157,13.163
328,5183.101,1065.359,13.161
329,5199.768,1069.071,13.181
330,5216.434,1071.670,13.157
331,5233.101,1075.601,13.163
332,5249.768,1077.725,13.171
333,5266.434,1082.829,13.151
334,5283.101,1086.114,13.204
335,5299.768,1089.748,13.193
336,5316.434,1091.488,13.163
337,5333.101,1094.882,13.166
338,5349.768,1097.822,13.164
339,5366.434,1099.752,13.180
340,5383.101,1102.738,13.188
341,5399.768,1104.561,13.128
342,5416.434,1107.967,13.167
343,5433.101,1111.017,13.167
344,5449.768,1114.750,13.148
345,5466.434,1116.113,13.175
346,5483.101,1117.004,13.144
347,5499.768,1118.005,13.174
348,5516.434,1119.277,13.125
349,5533.101,1120.374,13.138
350,5549.768,1122.200,13.127
351,5566.434,1123.313,13.167
352,5583.101,1126.643,13.169
353,5599.768,1129.809,13.155
354,5616.434,1134.047,13.162
355,5633.101,1137.234,13.174
356,5649.768,1141.233,13.165
357,5666.434,1142.080,13.140
358,5683.101,1144.933,13.165
359,5699.768,1146.490,13.140
360,5716.434,1153.549,13.175
361,5733.101,1156.521,13.185
362,5749.768,1159.473,13.170
363,5766.434,1163.694,13.176
364,5783.101,1164.913,13.217
365,5799.768,1167.607,13.197
366,5816.434,1170.724,13.188
367,5833.101,1173.728,13.191
368,5849.768,1177.893,13.153
369,5866.434,1179.707,13.137
370,5883.101,1179.940,13.158
371,5899.768,1182.303,13.177
372,5916.434,1184.941,13.158
373,5933.101,1186.368,13.139
374,5949.768,1190.486,13.161
375,5966.434,1192.897,13.161
376,5983.101,1196.380,13.175
377,5999.768,1196.498,13.138
378,6016.434,1201.112,13.167
379,6033.101,1204.542,13.142
380,6049.768,1207.215,13.136
381,6066.434,1209.191,13.190
382,6083.101,1213.247,13.161
383,6099.768,1216.656,13.163
384,6116.434,1219.613,13.170
385,6133.101,1221.712,13.151
386,6149.768,1224.136,13.159
387,6166.434,1229.218,13.196
388,6183.101,1230.385,13.158
389,6199.768,1233.371,13.141
390,6216.434,1235.576,13.172
391,6233.101,1237.042,13.150
392,6249.768,1238.767,13.190
393,6266.434,1242.467,13.177
394,6283.101,1245.971,13.180
395,6299.768,1248.164,13.149
396,6316.434,1248.226,13.131
397,6333.101,1251.390,13.150
398,6349.768,1254.425,13.179
399,6366.434,1259.481,13.222
400,6383.101,1261.435,13.182
401,6399.768,1264.994,13.167
402,6416.434,1269.118,13.189
403,6433.101,1271.960,13.153
404,6449.768,1274.791,13.170
405,6466.434,1277.240,13.189
406,6483.101,1280.408,13.197
407,6499.768,1282.872,13.158
408,6516.434,1287.486,13.147
409,6533.101,1288.750,13.176
410,6549.768,1291.660,13.162
411,6566.434,1293.907,13.141
412,6583.101,1298.240,13.157
413,6599.768,1301.484,13.158
414,6616.434,1304.918,13.154
415,6633.101,1308.846,13.161
416,6649.768,1309.969,13.158
417,6666.434,1315.456,13.192
418,6683.101,1318.192,13.180
419,6699.768,1320.721,13.159
420,6716.434,1322.932,13.181
421,6733.101,1327.390,13.223
422,6749.768,1330.821,13.205
423,6766.434,1333.523,13.163
424,6783.101,1337.645,13.131
425,6799.768,1340.513,13.172
426,6816.434,1344.349,13.158
427,6833.101,1346.755,13.161
428,6849.768,1348.056,13.206
429,6866.434,1351.250,13.177
430,6883.101,1353.957,13.164
431,6899.768,1355.991,13.154
432,6916.434,1359.831,13.138
433,6933.101,1360.995,13.117
434,6949.768,1364.673,13.169
435,6966.434,1367.446,13.148
436,6983.101,1369.969,13.142
437,6999.768,1373.779,13.175
438,7016.434,1375.793,13.158
439,7033.101,1380.330,13.152
440,7049.768,1383.058,13.142
441,7066.434,1384.095,13.152
442,7083.101,1387.391,13.170
443,7099.768,1390.055,13.166
444,7116.434,1392.557,13.183
445,7133.101,1394.033,13.147
446,7149.768,1397.802,13.167
447,7166.434,1400.152,13.167
448,7183.101,1403.645,13.197
449,7199.768,1409.301,13.173
450,7216.434,1409.979,13.156
451,7233.101,1411.921,13.191
452,7249.768,1415.138,13.172
453,7266.434,1416.694,13.133
454,7283.101,1420.176,13.189
455,7299.768,1421.051,13.151
456,7316.434,1421.201,13.207
457,7333.101,1423.260,13.151
458,7349.768,1424.789,13.151
459,7366.434,1427.639,13.168
460,7383.101,1430.182,13.198
461,7399.768,1432.821,13.126
462,7416.434,1437.246,13.171
463,7433.101,1437.853,13.129
464,7449.768,1442.875,13.148
465,7466.434,1445.696,13.212
466,7483.101,1448.127,13.169
467,7499.768,1450.968,13.143
468,7516.434,1451.467,13.114
469,7533.101,1451.922,13.157
470,7549.768,1453.852,13.157
471,7566.434,1456.511,13.183
472,7583.101,1457.833,13.177
473,7599.768,1459.853,13.167
474,7616.434,1464.226,13.160
475,7633.101,1467.516,13.147
476,7649.768,1470.011,13.157
477,7666.434,1473.535,13.208
478,7683.101,1477.202,13.181
479,7699.768,1478.337,13.150
480,7716.434,1479.422,13.202
481,7733.101,1484.613,13.179
482,7749.768,1490.695,13.235
483,7766.434,1494.940,13.169
484,7783.101,1498.687,13.169
485,7799.768,1501.032,13.186
486,7816.434,1503.859,13.171
487,7833.101,1505.923,13.132
488,7849.768,1510.174,13.186
489,7866.434,1512.540,13.149
490,7883.101,1516.272,13.168
491,7899.768,1520.186,13.136
492,7916.434,1522.985,13.143
493,7933.101,1524.989,13.245
494,7949.768,1527.101,13.164
495,7966.434,1532.915,13.197
496,7983.101,1535.270,13.179
497,7999.768,1536.666,13.144
498,8016.434,1542.207,13.194
499,8033.101,1544.622,13.162
500,8049.768,1548.219,13.189
501,8066.434,1550.912,13.165
502,8083.101,1552.506,13.167
503,8099.768,1558.990,13.191
504,8116.434,1560.784,13.152
505,8133.101,1563.854,13.151
506,8149.768,1567.935,13.193
507,8166.434,1571.605,13.185
508,8183.101,1575.503,13.184
509,8199.768,1577.812,13.163
510,8216.434,1579.506,13.175
511,8233.101,1583.343,13.205
512,8249.768,1585.478,13.167
513,8266.434,1588.427,13.160
514,8283.101,1588.879,13.179
515,8299.768,1591.416,13.164
516,8316.434,1595.240,13.152
517,8333.101,1598.277,13.215
518,8349.768,1602.563,13.184
519,8366.434,1605.742,13.197
520,8383.101,1608.679,13.196
521,8399.768,1611.472,13.191
522,8416.434,1615.072,13.189
523,8433.101,1616.362,13.173
524,8449.768,1617.401,13.167
525,8466.434,1620.825,13.165
526,8483.101,1621.994,13.127
527,8499.768,1627.487,13.147
528,8516.434,1629.461,13.172
529,8533.101,1631.613,13.174
530,8549.768,1634.427,13.160
531,8566.434,1637.134,13.156
532,8583.101,1642.488,13.163
533,8599.768,1646.744,13.170
534,8616.434,1648.714,13.182
535,8633.101,1651.382,13.165
536,8649.768,1653.723,13.167
537,8666.434,1656.934,13.184
538,8683.101,1660.426,13.175
539,8699.768,1663.935,13.199
540,8716.434,1666.637,13.179
541,8733.101,1670.077,13.177
542,8749.768,1672.942,13.168
543,8766.434,1674.311,13.203
544,8783.101,1678.598,13.178
545,8799.768,1827.245,13.207
546,8816.434,1831.629,13.328
547,8833.101,1833.566,13.247
548,8849.768,1835.127,13.226
549,8866.434,1842.537,13.230
550,8883.101,1846.079,13.216
551,8899.768,1849.318,13.190
552,8916.434,1851.457,13.177
553,8933.101,1856.190,13.173
554,8949.768,1861.354,13.192
555,8966.434,1864.020,13.195
556,8983.101,1866.823,13.198
557,8999.768,1868.875,13.192
558,9016.434,1871.898,13.196
559,9033.101,1873.612,13.205
560,9049.768,1877.048,13.200
561,9066.434,1879.207,13.132
562,9083.101,1881.354,13.155
563,9099.768,1885.248,13.172
564,9116.434,1888.220,13.190
565,9133.101,1891.482,13.158
566,9149.768,1893.484,13.138
567,9166.434,1896.410,13.143
568,9183.101,1898.937,13.160
569,9199.768,1901.098,13.141
570,9216.434,1903.758,13.143
571,9233.101,1908.878,13.162
572,9249.768,1912.969,13.196
573,9266.434,1918.212,13.143
574,9283.101,1919.145,13.170
575,9299.768,1920.036,13.156
576,9316.434,1924.727,13.151
577,9333.101,1930.069,13.174
578,9349.768,1931.974,13.157
579,9366.434,1935.332,13.194
580,9383.101,1936.563,13.152
581,9399.768,1938.853,13.145
582,9416.434,1939.652,13.139
583,9433.101,1945.720,13.234
584,9449.768,1949.828,13.226
585,9466.434,1954.779,13.222
586,9483.101,1957.465,13.206
587,9499.768,1959.472,13.158
588,9516.434,1960.431,13.154
589,9533.101,1963.359,13.174
590,9549.768,1967.961,13.203
591,9566.434,1970.707,13.165
592,9583.101,1973.020,13.183
593,9599.768,1974.885,13.171
594,9616.434,1975.742,13.146
595,9633.101,1980.610,13.161
596,9649.768,1984.473,13.165
597,9666.434,1984.915,13.146
598,9683.101,1989.375,13.165
599,9699.768,1990.951,13.147
600,9716.434,1992.868,13.165
601,9733.101,1994.290,13.155
602,9749.768,1995.159,13.171
603,9766.434,1996.789,13.130
604,9783.101,2002.637,13.171
605,9799.768,2004.300,13.194
606,9816.434,2006.504,13.164
607,9833.101,2007.332,13.144
608,9849.768,2009.968,13.175
609,9866.434,2012.295,13.162
610,9883.101,2016.985,13.162
611,9899.768,2019.466,13.155
612,9916.434,2023.321,13.194
613,9933.101,2026.169,13.206
614,9949.768,2030.079,13.198
615,9966.434,2034.056,13.173
616,9983.101,2036.415,13.149
617,9999.768,2039.531,13.166
618,10016.434,2042.074,13.173
619,10033.101,2043.066,13.120
620,10049.768,2046.793,13.155
621,10066.434,2048.549,13.197
622,10083.101,2051.064,13.162
623,10099.768,2051.986,13.147
624,10116.434,2053.357,13.153
625,10133.101,2057.555,13.166
626,10149.768,2059.305,13.168
627,10166.434,2063.631,13.156
628,10183.101,2068.428,13.209
629,10199.768,2069.379,13.176
630,10216.434,2073.429,13.163
631,10233.101,2076.078,13.191
632,10249.768,2080.493,13.180
633,10266.434,2083.124,13.169
634,10283.101,2085.475,13.219
635,10299.768,2090.122,13.198
636,10316.434,2092.570,13.156
637,10333.101,2096.474,13.151
638,10349.768,2100.015,13.154
639,10366.434,2101.501,13.157
640,10383.101,2103.853,13.158
641,10399.768,2109.710,13.205
642,10416.434,2110.936,13.172
643,10433.101,2113.328,13.187
644,10449.768,2115.979,13.169
645,10466.434,2118.936,13.163
646,10483.101,2121.451,13.164
647,10499.768,2120.902,13.163
648,10516.434,2125.590,13.186
649,10533.101,2129.329,13.185
650,10549.768,2134.455,13.193
651,10566.434,2139.574,13.175
652,10583.101,2143.451,13.174
653,10599.768,2144.650,13.145
654,10616.434,2147.899,13.175
655,10633.101,2150.511,13.196
656,10649.768,2152.303,13.210
657,10666.434,2156.099,13.168
658,10683.101,2159.963,13.184
659,10699.768,2164.104,13.199
660,10716.434,2166.014,13.168
661,10733.101,2167.685,13.162
662,10749.768,2169.578,13.145
663,10766.434,2173.217,13.169
664,10783.101,2178.047,13.208
665,10799.768,2180.763,13.175
666,10816.434,2183.542,13.187
667,10833.101,2189.828,13.199
668,10849.768,2191.565,13.160
669,10866.434,2191.615,13.162
670,10883.101,2194.774,13.171
671,10899.768,2200.250,13.173
672,10916.434,2203.883,13.182
673,10933.101,2206.098,13.146
674,10949.768,2207.869,13.161
675,10966.434,2209.304,13.139
676,10983.101,2210.532,13.124
677,10999.768,2214.403,13.174
678,11016.434,2217.710,13.150
679,11033.101,2220.779,13.163
680,11049.768,2225.564,13.164
681,11066.434,2226.353,13.162
682,11083.101,2227.743,13.191
683,11099.768,2229.997,13.158
684,11116.434,2230.665,13.174
685,11133.101,2234.840,13.140
686,11149.768,2239.223,13.173
687,11166.434,2240.733,13.216
688,11183.101,2243.501,13.162
689,11199.768,2249.300,13.223
690,11216.434,2250.502,13.186
691,11233.101,2255.174,13.198
692,11249.768,2256.662,13.167
693,11266.434,2259.043,13.191
694,11283.101,2263.494,13.162
695,11299.768,2267.542,13.171
696,11316.434,2269.829,13.173
697,11333.101,2274.224,13.180
698,11349.768,2276.249,13.169
699,11366.434,2280.315,13.172
700,11383.101,2282.689,13.169
701,11399.768,2283.838,13.141
702,11416.434,2286.335,13.192
703,11433.101,2289.763,13.130
704,11449.768,2290.114,13.142
705,11466.434,2292.469,13.175
706,11483.101,2295.458,13.162
707,11499.768,2301.207,13.146
708,11516.434,2305.320,13.211
709,11533.101,2308.371,13.164
710,11549.768,2312.606,13.147
711,11566.434,2313.746,13.167
712,11583.101,2317.059,13.138
713,11599.768,2319.659,13.152
714,11616.434,2322.769,13.161
715,11633.101,2326.505,13.175
716,11649.768,2330.624,13.154
717,11666.434,2334.283,13.206
718,11683.101,2336.436,13.170
719,11699.768,2338.179,13.179
720,11716.434,2340.279,13.154
721,11733.101,2343.834,13.162
722,11749.768,2345.860,13.154
723,11766.434,2350.984,13.203
724,11783.101,2354.488,13.174
725,11799.768,2357.812,13.167
726,11816.434,2360.165,13.175
727,11833.101,2364.293,13.198
728,11849.768,2366.855,13.160
729,11866.434,2367.256,13.158
730,11883.101,2370.891,13.160
731,11899.768,2372.458,13.126
732,11916.434,2374.127,13.150
733,11933.101,2374.852,13.145
734,11949.768,2378.854,13.149
735,11966.434,2380.608,13.145
736,11983.101,2384.255,13.160
737,11999.768,2385.524,13.163
738,12016.434,2389.019,13.148
739,12033.101,2391.528,13.165
740,12049.768,2394.999,13.155
741,12066.434,2396.673,13.144
742,12083.101,2398.377,13.168
743,12099.768,2402.487,13.171
744,12116.434,2406.464,13.189
745,12133.101,2408.652,13.237
746,12149.768,2413.728,13.188
747,12166.434,2417.335,13.171
748,12183.101,2419.473,13.177
749,12199.768,2422.708,13.134
750,12216.434,2428.178,13.172
751,12233.101,2429.106,13.154
752,12249.768,2431.064,13.154
753,12266.434,2435.133,13.165
754,12283.101,2437.551,13.168
755,12299.768,2439.152,13.164
756,12316.434,2442.459,13.167
757,12333.101,2446.382,13.131
758,12349.768,2447.654,13.190
759,12366.434,2454.389,13.185
760,12383.101,2457.715,13.185
761,12399.768,2459.883,13.129
762,12416.434,2462.333,13.182
763,12433.101,2465.251,13.173
764,12449.768,2469.032,13.152
765,12466.434,2472.287,13.189
766,12483.101,2476.629,13.165
767,12499.768,2480.187,13.170
768,12516.434,2481.903,13.165
769,12533.101,2483.885,13.164
770,12549.768,2486.635,13.143
771,12566.434,2487.560,13.143
772,12583.101,2492.018,13.159
773,12599.768,2495.476,13.176
774,12616.434,2497.246,13.157
775,12633.101,2500.396,13.158
776,12649.768,2503.658,13.182
777,12666.434,2506.042,13.200
778,12683.101,2506.584,13.148
779,12699.768,2514.203,13.171
780,12716.434,2515.729,13.138
781,12733.101,2520.210,13.178
782,12749.768,2522.190,13.202
783,12766.434,2527.464,13.192
784,12783.101,2531.043,13.193
785,12799.768,2532.460,13.168
786,12816.434,2535.449,13.186
787,12833.101,2539.302,13.182
788,12849.768,2544.076,13.159
789,12866.434,2546.929,13.173
790,12883.101,2550.371,13.162
791,12899.768,2550.842,13.157
792,12916.434,2553.390,13.184
793,12933.101,2556.160,13.174
794,12949.768,2560.226,13.183
795,12966.434,2563.734,13.147
796,12983.101,2567.450,13.167
797,12999.768,2571.609,13.168
798,13016.434,2573.487,13.140
799,13033.101,2575.247,13.167
800,13049.768,2577.541,13.174
801,13066.434,2580.605,13.157
802,13083.101,2585.028,13.176
803,13099.768,2588.440,13.163
804,13116.434,2593.861,13.161
805,13133.101,2597.005,13.214
806,13149.768,2598.632,13.149
807,13166.434,2598.864,13.173
808,13183.101,2601.399,13.181
809,13199.768,2606.927,13.153
810,13216.434,2610.846,13.194
811,13233.101,2613.039,13.162
812,13249.768,2616.307,13.197
813,13266.434,2619.293,13.183
814,13283.101,2621.392,13.156
815,13299.768,2622.917,13.137
816,13316.434,2624.917,13.137
817,13333.101,2627.696,13.149
818,13349.768,2630.672,13.178
819,13366.434,2634.502,13.159
820,13383.101,2636.366,13.140
821,13399.768,2638.011,13.158
822,13416.434,2638.015,13.130
823,13433.101,2641.555,13.185
824,13449.768,2645.109,13.151
825,13466.434,2648.913,13.170
826,13483.101,2651.642,13.140
827,13499.768,2652.867,13.170
828,13516.434,2657.176,13.181
829,13533.101,2662.636,13.173
830,13549.768,2664.809,13.177
831,13566.434,2667.758,13.164
832,13583.101,2675.500,13.200
833,13599.768,2678.673,13.194
834,13616.434,2681.418,13.178
835,13633.101,2680.592,13.132
836,13649.768,2684.726,13.148
837,13666.434,2687.422,13.200
838,13683.101,2689.208,13.170
839,13699.768,2691.330,13.172
840,13716.434,2692.977,13.172
841,13733.101,2694.148,13.178
842,13749.768,2696.885,13.168
843,13766.434,2701.672,13.177
844,13783.101,2703.806,13.161
845,13799.768,2708.341,13.174
846,13816.434,2712.924,13.194
847,13833.101,2716.706,13.165
848,13849.768,2719.412,13.166
849,13866.434,2721.865,13.144
850,13883.101,2722.790,13.124
851,13899.768,2726.307,13.145
852,13916.434,2727.743,13.160
853,13933.101,2731.466,13.143
854,13949.768,2735.571,13.166
855,13966.434,2739.927,13.143
856,13983.101,2742.512,13.218
857,13999.768,2745.402,13.183
858,14016.434,2748.612,13.180
859,14033.101,2752.033,13.157
860,14049.768,2754.161,13.146
861,14066.434,2758.929,13.162
862,14083.101,2762.198,13.207
863,14099.768,2765.142,13.188
864,14116.434,2767.133,13.143
865,14133.101,2768.623,13.148
866,14149.768,2771.932,13.178
867,14166.434,2774.175,13.149
868,14183.101,2940.174,13.208
869,14199.768,2943.128,13.335
870,14216.434,2945.118,13.285
871,14233.101,2948.084,13.249
872,14249.768,2950.044,13.217
873,14266.434,2955.712,13.224
874,14283.101,2958.674,13.188
875,14299.768,2961.873,13.236
876,14316.434,2967.550,13.198
877,14333.101,2969.406,13.200
878,14349.768,2972.380,13.208
879,14366.434,2976.574,13.179
880,14383.101,2978.273,13.187
881,14399.768,2980.443,13.163
882,14416.434,2984.653,13.169
883,14433.101,2988.724,13.195
884,14449.768,2992.514,13.175
885,14466.434,2995.942,13.187
886,14483.101,2998.349,13.191
887,14499.768,3000.840,13.186
888,14516.434,3004.345,13.182
889,14533.101,3005.729,13.158
890,14549.768,3006.898,13.180
891,14566.434,3011.923,13.154
892,14583.101,3013.106,13.159
893,14599.768,3014.822,13.166
894,14616.434,3019.827,13.175
895,14633.101,3022.421,13.179
896,14649.768,3026.146,13.162
897,14666.434,3029.576,13.161
898,14683.101,3031.391,13.154
899,14699.768,3035.358,13.176
900,14716.434,3038.803,13.215
901,14733.101,3043.551,13.198
902,14749.768,3044.296,13.129
903,14766.434,3047.598,13.166
904,14783.101,3053.013,13.198
905,14799.768,3056.203,13.157
906,14816.434,3059.747,13.163
907,14833.101,3063.981,13.188
908,14849.768,3065.282,13.172
909,14866.434,3066.888,13.151
910,14883.101,3069.674,13.179
911,14899.768,3069.540,13.162
912,14916.434,3073.201,13.188
913,14933.101,3076.654,13.172
914,14949.768,3078.103,13.165
915,14966.434,3079.714,13.157
916,14983.101,3084.852,13.188
917,14999.768,3086.065,13.172
918,15016.434,3087.265,13.153
919,15033.101,3090.268,13.151
920,15049.768,3092.617,13.165
921,15066.434,3096.138,13.173
922,15083.101,3099.490,13.174
923,15099.768,3102.817,13.195
924,15116.434,3106.124,13.191
925,15133.101,3108.509,13.181
926,15149.768,3113.163,13.158
927,15166.434,3118.823,13.173
928,15183.101,3121.910,13.200
929,15199.768,3123.428,13.170
930,15216.434,3125.731,13.164
931,15233.101,3129.124,13.204
932,15249.768,3131.670,13.167
933,15266.434,3133.149,13.117
934,15283.101,3133.233,13.144
935,15299.768,3135.049,13.174
936,15316.434,3138.106,13.128
937,15333.101,3140.575,13.187
938,15349.768,3144.138,13.155
939,15366.434,3148.094,13.198
940,15383.101,3150.878,13.154
941,15399.768,3152.798,13.185
942,15416.434,3154.054,13.164
943,15433.101,3157.697,13.167
944,15449.768,3160.160,13.149
945,15466.434,3163.866,13.166
946,15483.101,3165.998,13.164
947,15499.768,3168.726,13.192
948,15516.434,3170.766,13.151
949,15533.101,3172.353,13.189
950,15549.768,3178.798,13.164
951,15566.434,3179.410,13.164
952,15583.101,3182.674,13.132
953,15599.768,3185.356,13.202
954,15616.434,3187.034,13.163
955,15633.101,3189.233,13.193
956,15649.768,3192.046,13.169
957,15666.434,3196.481,13.158
958,15683.101,3198.218,13.172
959,15699.768,3200.177,13.141
960,15716.434,3203.693,13.168
961,15733.101,3208.664,13.176
962,15749.768,3212.199,13.186
963,15766.434,3214.317,13.175
964,15783.101,3215.650,13.157
965,15799.768,3221.470,13.165
966,15816.434,3225.599,13.185
967,15833.101,3229.940,13.180
968,15849.768,3235.550,13.200
969,15866.434,3238.681,13.174
970,15883.101,3240.265,13.167
971,15899.768,3243.121,13.172
972,15916.434,3246.157,13.183
973,15933.101,3247.665,13.163
974,15949.768,3252.067,13.192
975,15966.434,3256.415,13.179
976,15983.101,3261.574,13.204
977,15999.768,3264.452,13.186
978,16016.434,3268.261,13.152
979,16033.101,3270.514,13.145
980,16049.768,3270.827,13.130
981,16066.434,3274.569,13.169
982,16083.101,3277.543,13.137
983,16099.768,3279.284,13.192
984,16116.434,3284.623,13.203
985,16133.101,3287.241,13.173
986,16149.768,3287.798,13.157
987,16166.434,3290.840,13.155
988,16183.101,3292.295,13.153
989,16199.768,3295.000,13.159
990,16216.434,3297.362,13.158
991,16233.101,3300.325,13.152
992,16249.768,3301.212,13.151
993,16266.434,3304.704,13.151
994,16283.101,3305.573,13.136
995,16299.768,3308.367,13.138
996,16316.434,3310.390,13.150
997,16333.101,3313.499,13.141
998,16349.768,3316.123,13.236
999,16366.434,3318.830,13.165
