1791139396.7211,0,306000000,1113600
1791139396.7726,0,306000000,1728000
1791139396.8234,0,306000000,1728000
1791139396.8743,0,306000000,1728000
1791139396.9251,0,306000000,1728000
1791139396.9759,0,306000000,1728000
1791139397.0268,0,306000000,1728000
1791139397.0777,0,306000000,1728000
1791139397.1285,0,306000000,1728000
1791139397.1795,0,306000000,1728000
1791139397.2305,0,306000000,1728000
1791139397.2817,0,306000000,729600
1791139397.3327,0,306000000,729600
1791139397.3835,0,306000000,729600
1791139397.4342,0,306000000,729600
1791139397.4849,0,306000000,729600
1791139397.5356,0,306000000,729600
1791139397.5864,0,306000000,729600
1791139397.6372,0,306000000,729600
1791139397.6882,0,306000000,729600
1791139397.7389,10,1020000000,1728000
1791139397.7897,425,306000000,1728000
1791139397.8407,349,306000000,1728000
1791139397.8928,30,306000000,1728000
1791139397.9437,45,306000000,1728000
1791139397.9947,989,714000000,1728000
1791139398.0458,968,714000000,1728000
1791139398.0967,957,1020000000,1728000
1791139398.1477,961,612000000,1728000
1791139398.2004,972,612000000,1728000
1791139398.2514,960,1020000000,1728000
1791139398.3025,959,1020000000,1728000
1791139398.3536,958,1020000000,1728000
1791139398.4046,960,1020000000,1728000
1791139398.4556,956,1020000000,1728000
1791139398.5067,957,1020000000,1728000
1791139398.5579,959,1020000000,1728000
1791139398.6090,968,1020000000,1728000
1791139398.6599,969,1020000000,1728000
1791139398.7108,970,1020000000,1728000
1791139398.7618,969,1020000000,1728000
1791139398.8127,852,1020000000,1728000
1791139398.8637,969,1020000000,1728000
1791139398.9145,970,1020000000,1728000
1791139398.9654,970,1020000000,1728000
1791139399.0164,970,1020000000,1728000
1791139399.0672,5,1020000000,1728000
1791139399.1181,0,1020000000,1728000
1791139399.1690,688,1020000000,1728000
1791139399.2198,784,1020000000,1728000
1791139399.2707,969,1020000000,1728000
1791139399.3215,808,1020000000,1728000
1791139399.3723,968,1020000000,1728000
1791139399.4233,969,1020000000,1728000
1791139399.4741,969,1020000000,1728000
1791139399.5250,968,1020000000,1728000
1791139399.5759,926,1020000000,1728000
1791139399.6268,968,1020000000,1728000
1791139399.6777,969,1020000000,1728000
1791139399.7285,970,1020000000,1728000
1791139399.7795,927,1020000000,1728000
1791139399.8303,960,1020000000,1728000
1791139399.8812,969,1020000000,1728000
1791139399.9320,969,1020000000,1728000
1791139399.9830,875,1020000000,1728000
1791139400.0339,969,1020000000,1728000
1791139400.0847,969,1020000000,1728000
1791139400.1356,969,1020000000,1728000
1791139400.1864,969,1020000000,1728000
1791139400.2373,968,1020000000,1728000
1791139400.2881,969,1020000000,1728000
1791139400.3392,962,1020000000,1728000
1791139400.3901,969,1020000000,1728000
1791139400.4410,970,1020000000,1728000
1791139400.4919,969,1020000000,1728000
1791139400.5428,862,1020000000,1267200
1791139400.5937,0,1020000000,883200
1791139400.6448,0,1020000000,729600
1791139400.6956,734,1020000000,729600
1791139400.7465,427,1020000000,1728000
1791139400.7975,875,1020000000,806400
1791139400.8485,970,1020000000,1190400
1791139400.8994,969,1020000000,1267200
1791139400.9502,970,1020000000,1267200
1791139401.0012,969,1020000000,1267200
1791139401.0520,969,1020000000,1267200
1791139401.1029,970,1020000000,1344000
1791139401.1539,969,1020000000,1267200
1791139401.2047,836,1020000000,1344000
1791139401.2556,969,1020000000,1267200
1791139401.3065,931,1020000000,1728000
1791139401.3577,969,1020000000,1420800
1791139401.4086,969,1020000000,1420800
1791139401.4594,969,1020000000,1344000
1791139401.5102,969,1020000000,1344000
1791139401.5616,970,1020000000,1728000
1791139401.6125,970,1020000000,1344000
1791139401.6634,969,1020000000,1497600
1791139401.7143,969,1020000000,1497600
1791139401.7652,969,1020000000,1497600
1791139401.8161,969,1020000000,1728000
1791139401.8669,970,1020000000,1344000
1791139401.9178,969,1020000000,1574400
1791139401.9686,969,1020000000,1344000
1791139402.0196,969,1020000000,1267200
1791139402.0705,968,1020000000,1344000
1791139402.1213,283,1020000000,1036800
1791139402.1723,0,1020000000,729600
1791139402.2231,0,1020000000,1574400
1791139402.2739,834,1020000000,1728000
1791139402.3254,747,1020000000,883200
1791139402.3763,779,1020000000,1113600
1791139402.4272,941,1020000000,1344000
1791139402.4780,967,1020000000,1728000
1791139402.5290,969,1020000000,1728000
1791139402.5799,970,1020000000,1728000
1791139402.6308,970,1020000000,1420800
1791139402.6819,970,1020000000,1420800
1791139402.7327,969,1020000000,1574400
1791139402.7837,968,1020000000,1420800
1791139402.8346,970,1020000000,1344000
1791139402.8856,969,1020000000,1344000
1791139402.9364,969,1020000000,1420800
1791139402.9872,969,1020000000,1420800
1791139403.0383,969,1020000000,1728000
1791139403.0893,969,1020000000,1344000
1791139403.1402,970,1020000000,1344000
1791139403.1910,945,1020000000,1420800
1791139403.2420,969,1020000000,1420800
1791139403.2932,969,1020000000,1651200
1791139403.3441,970,1020000000,1728000
1791139403.3950,969,1020000000,1420800
1791139403.4460,970,1020000000,1344000
1791139403.4969,970,1020000000,1420800
1791139403.5477,970,1020000000,1267200
1791139403.5987,822,1020000000,1036800
1791139403.6496,969,1020000000,1190400
1791139403.7008,958,1020000000,1728000
1791139403.7517,970,1020000000,1190400
1791139403.8027,899,1020000000,1113600
1791139403.8536,969,1020000000,1497600
1791139403.9046,969,1020000000,1267200
1791139403.9555,970,1020000000,1420800
1791139404.0064,51,1020000000,1113600
1791139404.0574,0,1020000000,729600
1791139404.1081,0,1020000000,729600
1791139404.1588,514,1020000000,1728000
1791139404.2101,701,1020000000,729600
1791139404.2612,868,1020000000,1113600
1791139404.3121,970,1020000000,1267200
1791139404.3630,970,1020000000,1420800
1791139404.4139,969,1020000000,1574400
1791139404.4648,969,1020000000,1420800
1791139404.5158,968,1020000000,1420800
1791139404.5666,970,1020000000,1420800
1791139404.6175,969,1020000000,1344000
1791139404.6684,969,1020000000,1344000
1791139404.7193,970,1020000000,1420800
1791139404.7703,969,1020000000,1344000
1791139404.8212,971,1020000000,1344000
1791139404.8721,968,1020000000,1420800
1791139404.9230,969,1020000000,1420800
1791139404.9739,970,1020000000,1574400
1791139405.0247,969,1020000000,1420800
1791139405.0756,969,1020000000,1344000
1791139405.1265,970,1020000000,1728000
1791139405.1777,969,1020000000,1420800
1791139405.2286,901,1020000000,1574400
1791139405.2795,969,1020000000,1574400
1791139405.3304,969,1020000000,1497600
1791139405.3813,970,1020000000,1728000
1791139405.4321,969,1020000000,1420800
1791139405.4830,970,1020000000,1267200
1791139405.5340,968,1020000000,1420800
1791139405.5849,970,1020000000,1267200
1791139405.6358,970,1020000000,1344000
1791139405.6867,969,1020000000,1190400
1791139405.7376,969,1020000000,1728000
1791139405.7885,970,1020000000,1267200
1791139405.8394,936,1020000000,1267200
1791139405.8903,970,1020000000,1267200
1791139405.9413,970,1020000000,1344000
1791139405.9921,969,1020000000,1420800
1791139406.0430,970,1020000000,1728000
1791139406.0940,969,1020000000,1344000
1791139406.1449,970,1020000000,1420800
1791139406.1958,968,1020000000,1497600
1791139406.2467,970,1020000000,1728000
1791139406.2979,969,1020000000,1344000
1791139406.3488,0,1020000000,729600
1791139406.3998,0,1020000000,729600
1791139406.4504,0,1020000000,729600
1791139406.5012,245,1020000000,729600
1791139406.5521,549,1020000000,1728000
1791139406.6034,724,1020000000,1728000
1791139406.6543,969,1020000000,1190400
1791139406.7062,969,1020000000,1728000
1791139406.7572,970,1020000000,1267200
1791139406.8082,969,1020000000,1190400
1791139406.8592,969,1020000000,1267200
1791139406.9101,963,1020000000,1728000
1791139406.9610,924,1020000000,1267200
1791139407.0119,970,1020000000,1728000
1791139407.0627,903,1020000000,1728000
1791139407.1136,969,1020000000,1420800
1791139407.1645,970,1020000000,1497600
1791139407.2166,969,1020000000,1728000
1791139407.2675,915,1020000000,1728000
1791139407.3184,969,1020000000,1728000
1791139407.3694,889,1020000000,1728000
1791139407.4204,968,1020000000,1728000
1791139407.4712,827,1020000000,1728000
1791139407.5222,754,1020000000,1728000
1791139407.5730,863,1020000000,1728000
1791139407.6240,0,1020000000,1728000
1791139407.6748,0,1020000000,1728000
1791139407.7257,0,1020000000,1728000
1791139407.7766,0,918000000,1728000
1791139407.8274,0,816000000,1728000
1791139407.8793,0,816000000,1728000
1791139407.9300,0,714000000,1728000
1791139407.9809,0,714000000,1728000
1791139408.0318,0,612000000,1728000
1791139408.0827,0,510000000,1728000
1791139408.1357,0,510000000,1728000
1791139408.1865,0,510000000,1728000
1791139408.2374,0,408000000,1728000
1791139408.2883,0,408000000,1728000
1791139408.3393,0,408000000,1728000
1791139408.3902,0,306000000,1728000
1791139408.4412,0,306000000,1728000
1791139408.4921,0,306000000,1728000
1791139408.5430,0,306000000,1728000
1791139408.5941,0,306000000,1728000
1791139408.6450,0,306000000,1728000
1791139408.6960,0,306000000,1728000
1791139408.7469,0,306000000,1728000
1791139408.7979,0,306000000,1728000
1791139408.8490,9,306000000,1497600
