1791138323.1900,0,306000000,1113600
1791138323.2421,0,306000000,1728000
1791138323.2930,0,306000000,1728000
1791138323.3438,0,306000000,1728000
1791138323.3946,0,306000000,1728000
1791138323.4454,0,306000000,1728000
1791138323.4962,0,306000000,1728000
1791138323.5472,0,306000000,1728000
1791138323.5981,0,306000000,1728000
1791138323.6491,0,306000000,1728000
1791138323.7000,0,306000000,1728000
1791138323.7509,0,306000000,1728000
1791138323.8018,0,306000000,1728000
1791138323.8527,0,306000000,1728000
1791138323.9035,0,306000000,1728000
1791138323.9542,0,306000000,1728000
1791138324.0050,0,306000000,1728000
1791138324.0559,0,306000000,1728000
1791138324.1067,0,306000000,1728000
1791138324.1575,0,306000000,1728000
1791138324.2083,0,306000000,1728000
1791138324.2591,664,306000000,1728000
1791138324.3099,17,306000000,1728000
1791138324.3607,584,306000000,1728000
1791138324.4119,16,306000000,1728000
1791138324.4628,20,306000000,1728000
1791138324.5137,669,306000000,1728000
1791138324.5647,632,306000000,1497600
1791138324.6155,744,306000000,1728000
1791138324.6664,425,306000000,1344000
1791138324.7173,751,306000000,1728000
1791138324.7681,716,306000000,1036800
1791138324.8190,531,306000000,1728000
1791138324.8698,751,306000000,1113600
1791138324.9207,682,306000000,1728000
1791138324.9716,588,306000000,960000
1791138325.0233,749,306000000,1036800
1791138325.0743,662,306000000,1728000
1791138325.1251,752,306000000,1113600
1791138325.1760,518,306000000,1728000
1791138325.2276,555,306000000,1728000
1791138325.2785,705,306000000,1728000
1791138325.3297,668,306000000,1728000
1791138325.3805,734,306000000,1113600
1791138325.4315,606,306000000,1728000
1791138325.4823,597,306000000,1728000
1791138325.5332,641,306000000,1728000
1791138325.5840,736,306000000,1036800
1791138325.6350,627,306000000,1728000
1791138325.6858,615,306000000,1036800
1791138325.7367,696,306000000,1728000
1791138325.7875,479,306000000,1728000
1791138325.8384,735,306000000,1728000
1791138325.8893,534,306000000,1190400
1791138325.9402,584,306000000,1728000
1791138325.9910,612,306000000,1267200
1791138326.0420,492,306000000,1113600
1791138326.0929,737,306000000,1113600
1791138326.1438,565,306000000,1728000
1791138326.1945,716,306000000,1190400
1791138326.2454,629,306000000,1190400
1791138326.2963,751,306000000,1728000
1791138326.3473,437,306000000,1190400
1791138326.3983,562,306000000,1728000
1791138326.4491,739,306000000,1113600
1791138326.4999,472,306000000,1728000
1791138326.5507,644,306000000,1190400
1791138326.6018,379,306000000,1190400
1791138326.6528,559,306000000,1728000
1791138326.7036,624,306000000,960000
1791138326.7545,578,306000000,1728000
1791138326.8054,565,306000000,1113600
1791138326.8563,608,306000000,1728000
1791138326.9071,668,306000000,1113600
1791138326.9581,739,306000000,1728000
1791138327.0092,599,306000000,1728000
1791138327.0600,751,306000000,1113600
1791138327.1108,572,306000000,1728000
1791138327.1616,648,306000000,1036800
1791138327.2124,669,306000000,1728000
1791138327.2636,667,306000000,1036800
1791138327.3144,751,306000000,1728000
1791138327.3654,557,306000000,1036800
1791138327.4161,590,306000000,1728000
1791138327.4671,752,306000000,1728000
1791138327.5179,651,306000000,1190400
1791138327.5688,739,306000000,1036800
1791138327.6196,634,306000000,1728000
1791138327.6705,545,306000000,1728000
1791138327.7211,751,306000000,1113600
1791138327.7720,453,306000000,1113600
1791138327.8229,585,306000000,1728000
1791138327.8737,690,306000000,1190400
1791138327.9245,602,306000000,1036800
1791138327.9754,639,306000000,1728000
1791138328.0263,750,306000000,1036800
1791138328.0774,592,306000000,1728000
1791138328.1283,751,306000000,1190400
1791138328.1792,455,306000000,1728000
1791138328.2300,712,306000000,1113600
1791138328.2808,580,306000000,1728000
1791138328.3317,730,306000000,960000
1791138328.3826,751,306000000,1728000
1791138328.4342,608,306000000,1036800
1791138328.4851,752,306000000,1728000
1791138328.5367,571,306000000,1344000
1791138328.5876,622,306000000,1728000
1791138328.6385,751,306000000,1113600
1791138328.6894,695,306000000,1728000
1791138328.7406,699,306000000,1036800
1791138328.7915,604,306000000,1728000
1791138328.8424,701,306000000,1728000
1791138328.8932,640,306000000,1113600
1791138328.9441,702,306000000,1728000
1791138328.9949,0,306000000,1728000
1791138329.0458,0,306000000,1728000
1791138329.0967,77,306000000,1728000
1791138329.1476,750,306000000,1420800
1791138329.1985,560,306000000,1728000
1791138329.2494,751,306000000,1190400
1791138329.3003,576,306000000,1728000
1791138329.3512,695,306000000,1728000
1791138329.4020,722,306000000,1113600
1791138329.4529,560,306000000,1113600
1791138329.5038,752,306000000,1728000
1791138329.5547,532,306000000,1113600
1791138329.6056,740,306000000,1728000
1791138329.6564,553,306000000,1036800
1791138329.7074,581,306000000,1728000
1791138329.7582,750,306000000,1113600
1791138329.8092,472,306000000,1728000
1791138329.8599,751,306000000,1113600
1791138329.9108,568,306000000,1728000
1791138329.9616,652,306000000,1036800
1791138330.0125,632,306000000,1728000
1791138330.0633,655,306000000,1190400
1791138330.1142,647,306000000,1728000
1791138330.1650,751,306000000,1728000
1791138330.2158,509,306000000,1728000
1791138330.2667,592,306000000,1728000
1791138330.3178,634,306000000,1728000
1791138330.3687,691,306000000,1036800
1791138330.4196,624,306000000,1728000
1791138330.4704,675,306000000,1113600
1791138330.5213,750,306000000,1728000
1791138330.5721,636,306000000,1113600
1791138330.6230,751,306000000,1728000
1791138330.6738,655,306000000,1190400
1791138330.7247,707,306000000,1036800
1791138330.7755,651,306000000,1267200
1791138330.8264,681,306000000,1728000
1791138330.8772,739,306000000,1113600
1791138330.9281,518,306000000,1728000
1791138330.9789,749,306000000,1190400
1791138331.0298,610,306000000,1113600
1791138331.0806,666,306000000,1113600
1791138331.1315,514,306000000,1190400
1791138331.1824,716,306000000,1728000
1791138331.2333,544,306000000,1113600
1791138331.2841,494,306000000,1728000
1791138331.3349,745,306000000,1344000
1791138331.3858,583,306000000,1728000
1791138331.4366,751,306000000,1728000
1791138331.4874,669,306000000,1728000
1791138331.5382,740,306000000,1113600
1791138331.5890,639,306000000,1728000
1791138331.6398,598,306000000,1036800
1791138331.6907,750,306000000,1728000
1791138331.7414,661,306000000,1036800
1791138331.7922,670,306000000,1036800
1791138331.8430,639,306000000,1728000
1791138331.8937,751,306000000,1344000
1791138331.9446,580,306000000,1728000
1791138331.9954,694,306000000,1190400
1791138332.0463,525,306000000,1728000
1791138332.0979,719,306000000,1036800
1791138332.1487,714,306000000,1728000
1791138332.1998,768,306000000,1036800
1791138332.2507,735,306000000,1728000
1791138332.3015,717,306000000,960000
1791138332.3523,755,306000000,1728000
1791138332.4030,751,306000000,1113600
1791138332.4538,551,306000000,1728000
1791138332.5056,729,306000000,1113600
1791138332.5565,507,306000000,1728000
1791138332.6073,550,306000000,1113600
1791138332.6580,661,306000000,1728000
1791138332.7087,668,306000000,1113600
1791138332.7595,728,306000000,1728000
1791138332.8102,607,306000000,1036800
1791138332.8610,503,306000000,1728000
1791138332.9117,734,306000000,1113600
1791138332.9625,677,306000000,1728000
1791138333.0133,750,306000000,1420800
1791138333.0642,467,306000000,960000
1791138333.1151,751,306000000,1113600
1791138333.1660,467,306000000,1113600
1791138333.2168,615,306000000,1190400
1791138333.2677,473,306000000,1267200
1791138333.3185,750,306000000,1728000
1791138333.3693,535,306000000,1728000
1791138333.4200,517,306000000,1728000
1791138333.4707,751,306000000,1113600
1791138333.5215,618,306000000,1728000
1791138333.5724,688,306000000,1036800
1791138333.6234,532,306000000,1728000
1791138333.6742,581,306000000,1190400
1791138333.7251,709,306000000,1728000
1791138333.7758,647,306000000,1113600
1791138333.8266,698,306000000,1113600
1791138333.8775,685,306000000,1113600
1791138333.9284,562,306000000,1728000
1791138333.9792,751,306000000,960000
1791138334.0301,674,306000000,1728000
1791138334.0810,531,306000000,1113600
1791138334.1319,751,306000000,1728000
1791138334.1828,623,306000000,1728000
1791138334.2336,678,306000000,1036800
1791138334.2846,632,306000000,1113600
1791138334.3354,741,306000000,1728000
1791138334.3862,600,306000000,1728000
1791138334.4370,709,306000000,1728000
1791138334.4877,453,306000000,1728000
1791138334.5385,752,306000000,1190400
1791138334.5896,471,306000000,1728000
1791138334.6404,748,306000000,1190400
1791138334.6913,624,306000000,1728000
1791138334.7421,518,306000000,1190400
1791138334.7930,752,306000000,1728000
1791138334.8438,604,306000000,1728000
1791138334.8946,752,306000000,1728000
1791138334.9456,490,306000000,1728000
1791138334.9964,750,306000000,1113600
1791138335.0473,646,306000000,1728000
1791138335.0980,750,306000000,1113600
1791138335.1489,689,306000000,1728000
1791138335.1996,661,306000000,1190400
1791138335.2506,722,306000000,1728000
1791138335.3014,592,306000000,1113600
1791138335.3522,563,306000000,1728000
1791138335.4030,751,306000000,1113600
1791138335.4539,710,306000000,1728000
1791138335.5046,751,306000000,1113600
1791138335.5558,474,306000000,1728000
1791138335.6064,751,306000000,1190400
1791138335.6576,554,306000000,1728000
1791138335.7084,752,306000000,1728000
1791138335.7593,0,306000000,1728000
1791138335.8102,0,306000000,1728000
1791138335.8611,608,306000000,1728000
1791138335.9127,531,306000000,1728000
1791138335.9634,750,306000000,1113600
1791138336.0146,443,306000000,1728000
1791138336.0654,697,306000000,1113600
1791138336.1162,495,306000000,1728000
1791138336.1670,745,306000000,1728000
1791138336.2186,751,306000000,1113600
1791138336.2695,508,306000000,960000
1791138336.3204,750,306000000,1497600
1791138336.3712,620,306000000,1728000
1791138336.4221,636,306000000,1190400
1791138336.4729,736,306000000,1036800
1791138336.5238,573,306000000,1728000
1791138336.5746,741,306000000,1728000
1791138336.6254,685,306000000,1728000
1791138336.6761,750,306000000,960000
1791138336.7271,507,306000000,1728000
1791138336.7778,529,306000000,1728000
1791138336.8286,622,306000000,1036800
1791138336.8795,750,306000000,1728000
1791138336.9304,702,306000000,960000
1791138336.9821,762,306000000,1113600
1791138337.0330,716,306000000,1728000
1791138337.0846,773,306000000,1036800
1791138337.1354,527,306000000,1728000
1791138337.1862,751,306000000,1036800
1791138337.2372,626,306000000,1728000
1791138337.2888,613,306000000,1113600
1791138337.3396,608,306000000,1728000
1791138337.3908,643,306000000,1113600
1791138337.4417,750,306000000,1267200
1791138337.4926,579,306000000,1728000
1791138337.5438,600,306000000,1113600
1791138337.5947,750,306000000,1728000
1791138337.6454,732,306000000,1190400
1791138337.6963,589,306000000,960000
1791138337.7471,656,306000000,1728000
1791138337.7979,680,306000000,1036800
1791138337.8487,617,306000000,1728000
1791138337.8994,661,306000000,1113600
1791138337.9502,750,306000000,1728000
1791138338.0010,810,306000000,1728000
1791138338.0518,657,306000000,1728000
1791138338.1034,433,306000000,1113600
1791138338.1543,661,306000000,1728000
1791138338.2052,742,306000000,960000
1791138338.2561,577,306000000,1728000
1791138338.3069,697,306000000,960000
1791138338.3579,569,306000000,1728000
1791138338.4087,508,306000000,1190400
1791138338.4595,750,306000000,1728000
1791138338.5103,547,306000000,1190400
1791138338.5614,675,306000000,1420800
1791138338.6123,727,306000000,1728000
1791138338.6631,509,306000000,1190400
1791138338.7140,736,306000000,1728000
1791138338.7648,733,306000000,1036800
1791138338.8157,585,306000000,1728000
1791138338.8664,665,306000000,1113600
1791138338.9173,625,306000000,1728000
1791138338.9680,751,306000000,1728000
1791138339.0188,537,306000000,960000
1791138339.0697,643,306000000,1728000
1791138339.1205,751,306000000,1728000
1791138339.1713,619,306000000,1036800
1791138339.2222,456,306000000,1728000
1791138339.2730,624,306000000,1728000
1791138339.3238,639,306000000,1728000
1791138339.3746,751,306000000,1190400
1791138339.4257,530,306000000,1728000
1791138339.4772,751,306000000,1113600
1791138339.5280,548,306000000,1728000
1791138339.5788,730,306000000,1728000
1791138339.6296,618,306000000,1728000
1791138339.6809,632,306000000,1728000
1791138339.7317,751,306000000,1728000
1791138339.7825,734,306000000,1113600
1791138339.8335,631,306000000,1728000
1791138339.8846,752,306000000,1036800
1791138339.9354,700,306000000,1728000
1791138339.9865,624,306000000,1113600
1791138340.0377,533,306000000,1728000
1791138340.0884,749,306000000,1190400
1791138340.1392,656,306000000,1728000
1791138340.1899,679,306000000,1728000
1791138340.2408,751,306000000,1728000
1791138340.2916,494,306000000,1728000
1791138340.3425,750,306000000,1728000
1791138340.3941,523,306000000,1728000
1791138340.4450,659,306000000,1190400
1791138340.4959,716,306000000,1190400
1791138340.5468,518,306000000,1728000
1791138340.5975,699,306000000,1190400
1791138340.6484,617,306000000,1728000
1791138340.6992,604,306000000,1190400
1791138340.7501,617,306000000,1728000
1791138340.8013,575,306000000,1728000
1791138340.8522,751,306000000,1728000
1791138340.9030,591,306000000,1728000
1791138340.9539,712,306000000,1036800
1791138341.0047,587,306000000,1728000
1791138341.0555,693,306000000,1113600
1791138341.1066,713,306000000,1728000
1791138341.1575,551,306000000,1574400
1791138341.2085,514,306000000,1728000
1791138341.2594,750,306000000,1728000
1791138341.3103,336,306000000,1651200
1791138341.3613,724,306000000,1728000
1791138341.4121,577,306000000,1113600
1791138341.4631,597,306000000,1728000
1791138341.5139,649,306000000,1190400
1791138341.5647,711,306000000,1728000
1791138341.6156,581,306000000,1113600
1791138341.6665,580,306000000,1728000
1791138341.7174,482,306000000,1267200
1791138341.7684,570,306000000,1728000
1791138341.8192,751,306000000,1728000
1791138341.8701,663,306000000,1728000
1791138341.9211,594,306000000,1728000
1791138341.9720,718,306000000,1728000
1791138342.0228,735,306000000,1190400
1791138342.0738,496,306000000,1728000
1791138342.1247,728,306000000,1728000
1791138342.1755,603,306000000,1728000
1791138342.2263,712,306000000,1190400
1791138342.2773,572,306000000,1728000
1791138342.3282,642,306000000,1728000
1791138342.3791,0,306000000,1728000
1791138342.4300,0,306000000,1728000
1791138342.4810,0,306000000,1728000
1791138342.5319,0,306000000,1728000
1791138342.5828,750,306000000,1651200
1791138342.6336,668,306000000,1728000
1791138342.6844,678,306000000,1113600
1791138342.7353,676,306000000,1728000
1791138342.7862,456,306000000,1190400
1791138342.8371,613,306000000,1728000
1791138342.8878,592,306000000,1190400
1791138342.9386,671,306000000,1728000
1791138342.9901,609,306000000,1344000
1791138343.0409,733,306000000,1728000
1791138343.0917,698,306000000,1728000
1791138343.1425,698,306000000,1113600
1791138343.1933,633,306000000,1728000
1791138343.2441,629,306000000,1113600
1791138343.2950,446,306000000,1728000
1791138343.3457,521,306000000,1190400
1791138343.3965,615,306000000,1728000
1791138343.4473,691,306000000,1728000
1791138343.4984,424,306000000,1267200
1791138343.5493,637,306000000,1728000
1791138343.6002,664,306000000,1113600
1791138343.6511,616,306000000,1113600
1791138343.7020,639,306000000,1728000
1791138343.7527,753,306000000,1113600
1791138343.8036,517,306000000,1728000
1791138343.8544,620,306000000,1190400
1791138343.9053,544,306000000,1113600
1791138343.9562,685,306000000,1728000
1791138344.0071,559,306000000,1036800
1791138344.0580,710,306000000,1036800
1791138344.1089,649,306000000,1728000
1791138344.1597,736,306000000,1190400
1791138344.2106,647,306000000,1728000
1791138344.2614,708,306000000,1113600
1791138344.3124,718,306000000,1728000
1791138344.3632,428,306000000,1036800
1791138344.4141,751,306000000,1113600
1791138344.4651,682,306000000,1728000
1791138344.5159,696,306000000,1113600
1791138344.5669,751,306000000,1728000
1791138344.6178,676,306000000,1728000
1791138344.6687,649,306000000,1267200
1791138344.7196,459,306000000,1728000
1791138344.7705,751,306000000,1728000
1791138344.8217,654,306000000,1728000
1791138344.8725,753,306000000,1728000
1791138344.9234,528,306000000,1190400
1791138344.9743,664,306000000,1728000
1791138345.0251,624,306000000,1113600
1791138345.0759,750,306000000,1728000
1791138345.1267,749,306000000,1036800
1791138345.1776,603,306000000,1728000
1791138345.2284,651,306000000,1267200
1791138345.2794,710,306000000,1728000
1791138345.3306,613,306000000,1036800
1791138345.3815,710,306000000,1728000
1791138345.4324,640,306000000,960000
1791138345.4834,751,306000000,1728000
1791138345.5343,631,306000000,1728000
1791138345.5859,640,306000000,1728000
1791138345.6368,608,306000000,1113600
1791138345.6877,561,306000000,1728000
1791138345.7386,730,306000000,1190400
1791138345.7896,294,306000000,1728000
1791138345.8405,589,306000000,1728000
1791138345.8914,536,306000000,1036800
1791138345.9424,752,306000000,1728000
1791138345.9932,801,306000000,1728000
1791138346.0439,465,306000000,1728000
1791138346.0947,752,306000000,1728000
1791138346.1453,560,306000000,1190400
1791138346.1962,697,306000000,1036800
1791138346.2469,555,306000000,1728000
1791138346.2977,751,306000000,1190400
1791138346.3485,721,306000000,1728000
1791138346.3993,667,306000000,1113600
1791138346.4502,667,306000000,1728000
1791138346.5010,547,306000000,1036800
1791138346.5518,705,306000000,1190400
1791138346.6027,601,306000000,1728000
1791138346.6534,499,306000000,1113600
1791138346.7043,748,306000000,1728000
1791138346.7551,505,306000000,1113600
1791138346.8060,534,306000000,1728000
1791138346.8567,460,306000000,1728000
1791138346.9079,750,306000000,1497600
1791138346.9588,584,306000000,1728000
1791138347.0096,652,306000000,1113600
1791138347.0605,751,306000000,1728000
1791138347.1116,564,306000000,1113600
1791138347.1625,667,306000000,1728000
1791138347.2137,596,306000000,1036800
1791138347.2646,572,306000000,1728000
1791138347.3153,663,306000000,1036800
1791138347.3663,661,306000000,1728000
1791138347.4172,750,306000000,1190400
1791138347.4681,654,306000000,1728000
1791138347.5189,707,306000000,1036800
1791138347.5700,752,306000000,1728000
1791138347.6208,559,306000000,1036800
1791138347.6717,732,306000000,1728000
1791138347.7229,577,306000000,960000
1791138347.7738,559,306000000,1113600
1791138347.8248,750,306000000,1113600
1791138347.8756,601,306000000,1190400
1791138347.9265,567,306000000,1728000
1791138347.9781,751,306000000,1190400
1791138348.0290,617,306000000,1728000
1791138348.0799,649,306000000,1190400
1791138348.1308,694,306000000,1728000
1791138348.1817,526,306000000,1190400
1791138348.2325,726,306000000,1728000
1791138348.2834,675,306000000,1728000
1791138348.3342,516,306000000,1113600
1791138348.3852,743,306000000,1728000
1791138348.4364,731,306000000,1113600
1791138348.4873,488,306000000,1728000
1791138348.5382,717,306000000,1728000
1791138348.5891,752,306000000,1113600
1791138348.6400,667,306000000,1728000
1791138348.6909,590,306000000,1036800
1791138348.7419,608,306000000,1728000
1791138348.7928,574,306000000,1036800
1791138348.8438,649,306000000,960000
1791138348.8955,570,306000000,1113600
1791138348.9465,662,306000000,1728000
1791138348.9973,614,306000000,1113600
1791138349.0482,532,306000000,1190400
1791138349.0990,544,306000000,1728000
1791138349.1500,576,306000000,1728000
1791138349.2007,601,306000000,1728000
1791138349.2514,634,306000000,1728000
1791138349.3021,626,306000000,1728000
1791138349.3528,544,306000000,1190400
1791138349.4035,634,306000000,960000
1791138349.4543,652,306000000,1728000
1791138349.5051,641,306000000,1036800
1791138349.5559,778,306000000,1728000
1791138349.6068,551,306000000,1113600
1791138349.6577,557,306000000,1728000
1791138349.7085,752,306000000,1728000
1791138349.7594,796,306000000,1728000
1791138349.8101,746,306000000,1728000
1791138349.8609,294,306000000,1267200
1791138349.9118,714,306000000,1728000
1791138349.9629,612,306000000,1113600
1791138350.0137,634,306000000,1728000
1791138350.0645,751,306000000,1036800
1791138350.1153,643,306000000,1728000
1791138350.1660,672,306000000,1036800
1791138350.2170,714,306000000,1728000
1791138350.2678,557,306000000,1267200
1791138350.3187,751,306000000,1728000
1791138350.3695,595,306000000,1190400
1791138350.4204,751,306000000,1728000
1791138350.4711,534,306000000,1113600
1791138350.5221,506,306000000,1728000
1791138350.5729,600,306000000,1113600
1791138350.6238,691,306000000,1728000
1791138350.6746,649,306000000,1728000
1791138350.7255,703,306000000,1728000
1791138350.7764,628,306000000,1728000
1791138350.8274,0,306000000,1728000
1791138350.8783,0,306000000,1728000
1791138350.9293,0,306000000,1728000
1791138350.9803,747,306000000,1728000
1791138351.0311,520,306000000,1574400
1791138351.0819,804,306000000,1728000
1791138351.1327,751,306000000,1190400
1791138351.1836,483,306000000,1728000
1791138351.2343,750,306000000,1113600
1791138351.2852,637,306000000,1728000
1791138351.3362,660,306000000,1267200
1791138351.3871,655,306000000,1190400
1791138351.4380,484,306000000,1113600
1791138351.4888,510,306000000,1728000
1791138351.5397,751,306000000,1728000
1791138351.5905,502,306000000,1190400
1791138351.6417,724,306000000,1728000
1791138351.6926,666,306000000,1728000
1791138351.7434,751,306000000,1267200
1791138351.7943,647,306000000,1728000
1791138351.8451,751,306000000,1728000
1791138351.8960,521,306000000,1344000
1791138351.9469,750,306000000,1190400
1791138351.9979,737,306000000,1728000
1791138352.0487,602,306000000,1036800
1791138352.0996,604,306000000,1728000
1791138352.1505,737,306000000,1113600
1791138352.2014,643,306000000,1728000
1791138352.2522,714,306000000,1113600
1791138352.3031,596,306000000,1728000
1791138352.3539,688,306000000,1267200
1791138352.4048,574,306000000,1728000
1791138352.4555,751,306000000,1728000
1791138352.5064,540,306000000,1113600
1791138352.5573,625,306000000,1113600
1791138352.6081,720,306000000,1113600
1791138352.6590,511,306000000,1728000
1791138352.7097,742,306000000,1036800
1791138352.7606,522,306000000,1728000
1791138352.8114,739,306000000,1728000
1791138352.8625,651,306000000,1728000
1791138352.9136,683,306000000,1113600
1791138352.9645,639,306000000,1728000
1791138353.0152,648,306000000,1497600
1791138353.0661,751,306000000,1728000
1791138353.1169,625,306000000,1113600
1791138353.1678,519,306000000,1036800
1791138353.2187,671,306000000,1728000
1791138353.2695,714,306000000,1113600
1791138353.3204,528,306000000,1728000
1791138353.3711,751,306000000,1190400
1791138353.4221,570,306000000,883200
1791138353.4728,752,306000000,1728000
1791138353.5236,667,306000000,1190400
1791138353.5745,659,306000000,1497600
1791138353.6257,750,306000000,1728000
1791138353.6766,631,306000000,1113600
1791138353.7276,682,306000000,1728000
1791138353.7787,744,306000000,1036800
1791138353.8297,622,306000000,1728000
1791138353.8806,653,306000000,1036800
1791138353.9315,536,306000000,1728000
1791138353.9823,506,306000000,1267200
1791138354.0332,742,306000000,1728000
1791138354.0840,563,306000000,1728000
1791138354.1349,546,306000000,1190400
1791138354.1858,615,306000000,1728000
1791138354.2366,751,306000000,1190400
1791138354.2875,551,306000000,1728000
1791138354.3383,751,306000000,1036800
1791138354.3893,697,306000000,1728000
1791138354.4400,572,306000000,1036800
1791138354.4909,586,306000000,1728000
1791138354.5417,611,306000000,1113600
1791138354.5926,578,306000000,1728000
1791138354.6438,644,306000000,1267200
1791138354.6947,751,306000000,1728000
1791138354.7456,629,306000000,1113600
1791138354.7965,739,306000000,1728000
1791138354.8473,750,306000000,1113600
1791138354.8982,543,306000000,1728000
1791138354.9490,751,306000000,1190400
1791138354.9999,612,306000000,1728000
1791138355.0507,637,306000000,1190400
1791138355.1016,693,306000000,1728000
1791138355.1524,703,306000000,1113600
1791138355.2033,752,306000000,1728000
1791138355.2543,749,306000000,1113600
1791138355.3053,397,306000000,1728000
1791138355.3561,750,306000000,1036800
1791138355.4071,590,306000000,1728000
1791138355.4579,761,306000000,1113600
1791138355.5089,711,306000000,1728000
1791138355.5597,459,306000000,1113600
1791138355.6106,750,306000000,1728000
1791138355.6614,681,306000000,1728000
1791138355.7122,643,306000000,1728000
1791138355.7630,623,306000000,1728000
1791138355.8138,321,306000000,1728000
1791138355.8645,749,306000000,1728000
1791138355.9153,649,306000000,1190400
1791138355.9662,479,306000000,1728000
1791138356.0169,747,306000000,1267200
1791138356.0678,590,306000000,1036800
1791138356.1186,623,306000000,1728000
1791138356.1694,578,306000000,1190400
1791138356.2204,714,306000000,960000
1791138356.2713,481,306000000,1728000
1791138356.3221,750,306000000,1420800
1791138356.3730,693,306000000,1728000
1791138356.4237,750,306000000,1113600
1791138356.4747,393,306000000,1728000
1791138356.5254,750,306000000,1190400
1791138356.5763,578,306000000,1728000
1791138356.6270,619,306000000,1113600
1791138356.6779,504,306000000,1728000
1791138356.7295,751,306000000,1728000
1791138356.7807,673,306000000,960000
1791138356.8315,592,306000000,1190400
1791138356.8828,736,306000000,1728000
1791138356.9336,735,306000000,1190400
1791138356.9846,544,306000000,1036800
1791138357.0358,751,306000000,1190400
1791138357.0867,507,306000000,1113600
1791138357.1376,752,306000000,1728000
1791138357.1885,667,306000000,883200
1791138357.2397,750,306000000,1728000
1791138357.2905,710,306000000,1728000
1791138357.3413,567,306000000,1036800
1791138357.3922,750,306000000,1728000
1791138357.4431,578,306000000,1113600
1791138357.4940,715,306000000,1728000
1791138357.5448,751,306000000,1113600
1791138357.5957,553,306000000,1728000
1791138357.6464,568,306000000,1113600
1791138357.6973,747,306000000,1728000
1791138357.7482,465,306000000,1190400
1791138357.7991,750,306000000,1728000
1791138357.8499,707,306000000,1113600
1791138357.9009,608,306000000,1728000
1791138357.9517,751,306000000,1113600
1791138358.0026,593,306000000,1267200
1791138358.0536,668,306000000,1728000
1791138358.1048,751,306000000,1190400
1791138358.1557,567,306000000,1728000
1791138358.2065,706,306000000,1113600
1791138358.2573,715,306000000,1728000
1791138358.3082,627,306000000,1036800
1791138358.3591,684,306000000,1113600
1791138358.4100,623,306000000,1036800
1791138358.4609,461,306000000,1728000
1791138358.5117,604,306000000,1728000
1791138358.5626,554,306000000,1728000
1791138358.6136,702,306000000,1113600
1791138358.6646,681,306000000,1728000
1791138358.7154,638,306000000,883200
1791138358.7666,749,306000000,1728000
1791138358.8176,499,306000000,1036800
1791138358.8684,752,306000000,1728000
1791138358.9190,577,306000000,1113600
1791138358.9698,718,306000000,1728000
1791138359.0206,741,306000000,1036800
1791138359.0713,615,306000000,1728000
1791138359.1220,752,306000000,1344000
1791138359.1729,405,306000000,1190400
1791138359.2237,751,306000000,1113600
1791138359.2746,760,306000000,1728000
1791138359.3253,527,306000000,1113600
1791138359.3762,675,306000000,1728000
1791138359.4270,535,306000000,1190400
1791138359.4778,729,306000000,1728000
1791138359.5289,315,306000000,1728000
1791138359.5797,703,306000000,1190400
1791138359.6306,601,306000000,1728000
1791138359.6814,751,306000000,1420800
1791138359.7323,730,306000000,1728000
1791138359.7831,643,306000000,1113600
1791138359.8340,562,306000000,1728000
1791138359.8849,599,306000000,1036800
1791138359.9358,751,306000000,1728000
1791138359.9866,615,306000000,1113600
1791138360.0376,660,306000000,1728000
1791138360.0884,672,306000000,1036800
1791138360.1393,696,306000000,1728000
1791138360.1901,706,306000000,1267200
1791138360.2410,624,306000000,1728000
1791138360.2922,751,306000000,1113600
1791138360.3431,626,306000000,1728000
1791138360.3939,620,306000000,1113600
1791138360.4448,731,306000000,1728000
1791138360.4956,621,306000000,1113600
1791138360.5464,751,306000000,1728000
1791138360.5972,614,306000000,1728000
1791138360.6480,685,306000000,960000
1791138360.6990,736,306000000,1036800
1791138360.7499,624,306000000,1728000
1791138360.8008,697,306000000,1113600
1791138360.8518,751,306000000,1728000
1791138360.9027,762,306000000,1728000
1791138360.9534,591,306000000,1036800
1791138361.0043,751,306000000,1728000
1791138361.0551,593,306000000,1113600
1791138361.1059,753,306000000,1728000
1791138361.1574,636,306000000,1728000
1791138361.2084,0,306000000,1728000
1791138361.2593,0,306000000,1728000
1791138361.3102,0,306000000,1728000
1791138361.3611,0,306000000,1728000
1791138361.4120,556,306000000,1497600
1791138361.4628,751,306000000,1728000
1791138361.5137,417,306000000,1267200
1791138361.5645,752,306000000,1728000
1791138361.6154,603,306000000,1267200
1791138361.6662,669,306000000,1728000
1791138361.7171,694,306000000,1267200
1791138361.7680,519,306000000,1113600
1791138361.8189,396,306000000,1728000
1791138361.8699,729,306000000,1267200
1791138361.9208,761,306000000,1728000
1791138361.9717,751,306000000,1728000
1791138362.0226,633,306000000,1728000
1791138362.0733,575,306000000,1036800
1791138362.1241,751,306000000,1728000
1791138362.1748,640,306000000,1113600
1791138362.2256,586,306000000,1728000
1791138362.2763,745,306000000,1113600
1791138362.3272,672,306000000,1728000
1791138362.3779,751,306000000,1113600
1791138362.4288,601,306000000,1728000
1791138362.4796,603,306000000,1113600
1791138362.5305,578,306000000,1728000
1791138362.5812,643,306000000,1036800
1791138362.6320,723,306000000,1113600
1791138362.6829,746,306000000,1728000
1791138362.7337,505,306000000,1113600
1791138362.7845,653,306000000,1728000
1791138362.8352,538,306000000,1728000
1791138362.8859,568,306000000,1728000
1791138362.9368,696,306000000,1728000
1791138362.9876,574,306000000,1344000
1791138363.0392,749,306000000,1728000
1791138363.0901,477,306000000,1190400
1791138363.1410,750,306000000,1728000
1791138363.1918,678,306000000,1113600
1791138363.2427,542,306000000,1728000
1791138363.2935,684,306000000,1113600
1791138363.3444,543,306000000,960000
1791138363.3956,585,306000000,1728000
1791138363.4464,639,306000000,1728000
1791138363.4976,750,306000000,1113600
1791138363.5485,693,306000000,1728000
1791138363.5993,598,306000000,1113600
1791138363.6503,752,306000000,1728000
1791138363.7011,533,306000000,1190400
1791138363.7519,746,306000000,1728000
1791138363.8027,668,306000000,1036800
1791138363.8536,696,306000000,1728000
1791138363.9044,657,306000000,1728000
1791138363.9552,725,306000000,1036800
1791138364.0062,711,306000000,1728000
1791138364.0570,598,306000000,1113600
1791138364.1079,514,306000000,1497600
1791138364.1588,640,306000000,1190400
1791138364.2097,736,306000000,1728000
1791138364.2606,489,306000000,1728000
1791138364.3114,750,306000000,960000
1791138364.3631,607,306000000,1113600
1791138364.4140,555,306000000,1728000
1791138364.4648,573,306000000,1728000
1791138364.5156,666,306000000,960000
1791138364.5665,751,306000000,1113600
1791138364.6174,522,306000000,1728000
1791138364.6683,746,306000000,1267200
1791138364.7192,481,306000000,1113600
1791138364.7701,751,306000000,1728000
1791138364.8210,688,306000000,1113600
1791138364.8719,591,306000000,1113600
1791138364.9228,558,306000000,1728000
1791138364.9736,590,306000000,1728000
1791138365.0245,638,306000000,1036800
1791138365.0754,725,306000000,1113600
1791138365.1263,605,306000000,1728000
1791138365.1771,728,306000000,1036800
1791138365.2279,751,306000000,1728000
1791138365.2787,505,306000000,1190400
1791138365.3295,753,306000000,1728000
1791138365.3802,580,306000000,1190400
1791138365.4310,695,306000000,1728000
1791138365.4819,751,306000000,1036800
1791138365.5326,645,306000000,1728000
1791138365.5834,612,306000000,1036800
1791138365.6342,518,306000000,1728000
1791138365.6850,633,306000000,1113600
1791138365.7358,644,306000000,1728000
1791138365.7865,696,306000000,1267200
1791138365.8378,750,306000000,1728000
1791138365.8886,449,306000000,1728000
1791138365.9395,639,306000000,1728000
1791138365.9902,591,306000000,1190400
1791138366.0411,527,306000000,1728000
1791138366.0918,604,306000000,1036800
1791138366.1427,576,306000000,1728000
1791138366.1943,588,306000000,1113600
1791138366.2451,0,306000000,1728000
1791138366.2960,0,306000000,1728000
1791138366.3468,0,306000000,1728000
1791138366.3978,0,306000000,1728000
1791138366.4487,0,306000000,1728000
1791138366.4996,0,306000000,1728000
1791138366.5504,0,306000000,1728000
1791138366.6013,0,306000000,1728000
1791138366.6522,0,306000000,1728000
1791138366.7031,0,306000000,1728000
1791138366.7539,0,306000000,1728000
1791138366.8048,0,306000000,1728000
1791138366.8556,0,306000000,1728000
1791138366.9066,0,306000000,1728000
1791138366.9575,0,306000000,1728000
1791138367.0084,0,306000000,1728000
1791138367.0593,0,306000000,1728000
1791138367.1102,0,306000000,1728000
1791138367.1611,0,306000000,1728000
1791138367.2122,0,306000000,1728000
1791138367.2631,0,306000000,1728000
1791138367.3141,0,306000000,1728000
1791138367.3650,0,306000000,1728000
1791138367.4160,0,306000000,1728000
1791138367.4673,0,306000000,1728000
1791138367.5182,8,306000000,1728000
1791138367.5690,0,306000000,729600
1791138367.6199,0,306000000,729600
