1791341172.3434,4960,1376,54218,1020000000,1728000
1791341172.3934,4952,1424,54500,1020000000,1728000
1791341172.4435,4952,1480,54843,1020000000,1728000
1791341172.4936,4952,1488,54625,1020000000,1728000
1791341172.5437,4952,1488,54406,1020000000,1728000
1791341172.5937,4952,1504,54218,1020000000,1728000
1791341172.6438,4952,1504,54375,1020000000,1728000
1791341172.6939,4952,1520,54437,1020000000,1728000
1791341172.7439,4952,1536,54468,1020000000,1728000
1791341172.7940,4952,1536,54406,1020000000,1728000
1791341172.8441,4952,1536,54156,1020000000,1728000
1791341172.8941,4952,1536,54281,1020000000,1728000
1791341172.9442,4952,1536,54312,1020000000,1728000
1791341172.9943,4952,1536,54406,1020000000,1728000
1791341173.0443,4952,1536,54593,1020000000,1728000
1791341173.0944,4952,1552,54375,1020000000,1728000
1791341173.1445,4952,1544,54156,1020000000,1728000
1791341173.1945,4952,1544,54281,1020000000,1728000
1791341173.2446,4952,1552,54406,1020000000,1728000
1791341173.2947,4952,1560,54281,1020000000,1728000
1791341173.3448,4952,1560,54343,1020000000,1728000
1791341173.3948,4952,1576,54343,1020000000,1728000
1791341173.4449,4944,1648,54468,1020000000,1728000
1791341173.4950,4944,1840,54625,1020000000,1728000
1791341173.5451,4936,2016,54718,1020000000,1728000
1791341173.5952,4928,2168,54812,1020000000,1728000
1791341173.6452,4928,2312,54750,1020000000,1728000
1791341173.6953,4920,2440,54906,1020000000,1728000
1791341173.7454,4920,2544,55093,1020000000,1728000
1791341173.7955,4912,2656,55187,1020000000,1728000
1791341173.8456,4912,2736,55125,1020000000,1728000
1791341173.8957,4904,2824,55281,1020000000,1728000
1791341173.9458,4904,2904,55437,1020000000,1728000
1791341173.9959,4904,2952,55218,1020000000,1728000
1791341174.0460,4896,3000,55375,1020000000,1728000
1791341174.0961,4896,3040,55593,1020000000,1728000
1791341174.1462,4896,3072,55375,1020000000,1728000
1791341174.1962,4896,3112,55500,1020000000,1728000
1791341174.2463,4896,3144,55687,1020000000,1728000
1791341174.2964,4896,3168,55312,1020000000,1728000
1791341174.3465,4888,3208,55562,1020000000,1728000
1791341174.3966,4896,3104,55156,1020000000,1728000
1791341174.4467,4904,2936,55031,1020000000,1728000
1791341174.4968,4904,2936,55437,1020000000,1728000
1791341174.5469,4896,2992,55281,1020000000,1728000
1791341174.5969,4896,3032,55437,1020000000,1728000
1791341174.6470,4896,3072,55625,1020000000,1728000
1791341174.6971,4896,3112,55593,1020000000,1728000
1791341174.7472,4896,3136,55531,1020000000,1728000
1791341174.7973,4888,3168,55625,1020000000,1728000
1791341174.8474,4888,3192,55531,1020000000,1728000
1791341174.8975,4888,3240,55593,1020000000,1728000
1791341174.9476,4888,3248,55656,1020000000,1728000
1791341174.9977,4888,3264,55625,1020000000,1728000
1791341175.0478,4888,3280,55718,1020000000,1728000
1791341175.0978,4888,3288,55687,1020000000,1728000
1791341175.1479,4888,3288,55906,1020000000,1728000
1791341175.1980,4888,3304,55750,1020000000,1728000
1791341175.2481,4888,3312,55812,1020000000,1728000
1791341175.2982,4888,3320,55968,1020000000,1728000
1791341175.3483,4888,3328,55843,1020000000,1728000
1791341175.3990,4888,3336,55906,1020000000,1728000
1791341175.4491,4888,3360,56000,1020000000,1728000
1791341175.4992,4888,3352,56156,1020000000,1728000
1791341175.5493,4888,3352,55968,1020000000,1728000
1791341175.5994,4888,3360,56062,1020000000,1728000
1791341175.6494,4888,3360,56250,1020000000,1728000
1791341175.6995,4880,3368,55968,1020000000,1728000
1791341175.7496,4880,3368,56125,1020000000,1728000
1791341175.7997,4888,3368,56250,1020000000,1728000
1791341175.8498,4880,3368,55937,1020000000,1728000
1791341175.8999,4888,3184,55968,1020000000,1728000
1791341175.9500,4896,3008,55562,1020000000,1728000
1791341176.0000,4896,3000,55656,1020000000,1728000
1791341176.0501,4896,3048,56062,1020000000,1728000
1791341176.1002,4896,3080,55812,1020000000,1728000
1791341176.1503,4896,3120,55937,1020000000,1728000
1791341176.2004,4896,3152,55937,1020000000,1728000
1791341176.2505,4896,3176,55968,1020000000,1728000
1791341176.3005,4888,3192,56031,1020000000,1728000
1791341176.3506,4888,3216,56062,1020000000,1728000
1791341176.4007,4888,3240,56000,1020000000,1728000
1791341176.4508,4888,3248,55968,1020000000,1728000
1791341176.5009,4888,3272,56156,1020000000,1728000
1791341176.5510,4888,3296,56218,1020000000,1728000
1791341176.6011,4888,3304,56156,1020000000,1728000
1791341176.6512,4888,3304,56156,1020000000,1728000
1791341176.7013,4888,3312,56281,1020000000,1728000
1791341176.7513,4888,3320,56218,1020000000,1728000
1791341176.8014,4888,3320,56250,1020000000,1728000
1791341176.8515,4888,3328,56343,1020000000,1728000
1791341176.9016,4888,3336,56468,1020000000,1728000
1791341176.9517,4888,3344,56312,1020000000,1728000
1791341177.0018,4888,3336,56406,1020000000,1728000
1791341177.0519,4888,3352,56562,1020000000,1728000
1791341177.1020,4888,3368,56343,1020000000,1728000
1791341177.1521,4888,3368,56562,1020000000,1728000
1791341177.2022,4888,3368,56593,1020000000,1728000
1791341177.2523,4888,3368,56406,1020000000,1728000
1791341177.3024,4888,3376,56500,1020000000,1728000
1791341177.3524,4888,3296,56562,1020000000,1728000
1791341177.4025,4896,3112,55937,1020000000,1728000
1791341177.4526,4896,2944,56125,1020000000,1728000
1791341177.5027,4896,2960,56000,1020000000,1728000
1791341177.5527,4896,3016,56062,1020000000,1728000
1791341177.6028,4896,3064,56406,1020000000,1728000
1791341177.6529,4896,3120,56281,1020000000,1728000
1791341177.7030,4896,3144,56218,1020000000,1728000
1791341177.7531,4896,3176,56343,1020000000,1728000
1791341177.8032,4896,3192,56218,1020000000,1728000
1791341177.8533,4888,3208,56250,1020000000,1728000
1791341177.9033,4888,3232,56343,1020000000,1728000
1791341177.9534,4888,3256,56250,1020000000,1728000
1791341178.0035,4888,3272,56281,1020000000,1728000
1791341178.0536,4888,3288,56500,1020000000,1728000
1791341178.1037,4888,3296,56312,1020000000,1728000
1791341178.1538,4888,3312,56468,1020000000,1728000
1791341178.2039,4888,3320,56500,1020000000,1728000
1791341178.2540,4888,3328,56593,1020000000,1728000
1791341178.3041,4888,3336,56562,1020000000,1728000
1791341178.3542,4888,3336,56562,1020000000,1728000
1791341178.4043,4888,3344,56812,1020000000,1728000
1791341178.4544,4888,3352,56781,1020000000,1728000
1791341178.5045,4888,3352,56625,1020000000,1728000
1791341178.5545,4888,3352,56687,1020000000,1728000
1791341178.6047,4888,3360,56906,1020000000,1728000
1791341178.6548,4888,3360,56687,1020000000,1728000
1791341178.7054,4888,3368,56687,1020000000,1728000
1791341178.7555,4888,3384,56875,1020000000,1728000
1791341178.8056,4888,3376,56718,1020000000,1728000
1791341178.8557,4888,3376,56781,1020000000,1728000
1791341178.9058,4888,3384,56968,1020000000,1728000
1791341178.9559,4888,3384,56781,1020000000,1728000
1791341179.0060,4888,3384,56843,1020000000,1728000
1791341179.0561,4880,3392,56781,1020000000,1728000
1791341179.1061,4888,3384,56593,1020000000,1728000
1791341179.1562,4888,3384,56781,1020000000,1728000
1791341179.2063,4888,3272,56562,1020000000,1728000
1791341179.2564,4896,3096,56500,1020000000,1728000
1791341179.3065,4896,2944,56562,1020000000,1728000
1791341179.3566,4896,2920,56343,1020000000,1728000
1791341179.4067,4896,2976,56437,1020000000,1728000
1791341179.4568,4896,3016,56562,1020000000,1728000
1791341179.5069,4896,3056,56656,1020000000,1728000
1791341179.5569,4896,3096,56656,1020000000,1728000
1791341179.6071,4896,3136,56625,1020000000,1728000
1791341179.6571,4888,3160,56656,1020000000,1728000
1791341179.7076,4888,3192,56625,1020000000,1728000
1791341179.7577,4888,3216,56718,1020000000,1728000
1791341179.8078,4888,3232,56750,1020000000,1728000
1791341179.8579,4888,3264,56906,1020000000,1728000
1791341179.9080,4888,3272,56750,1020000000,1728000
1791341179.9580,4888,3288,56843,1020000000,1728000
1791341180.0081,4888,3304,56937,1020000000,1728000
1791341180.0582,4888,3312,56750,1020000000,1728000
1791341180.1083,4888,3328,56937,1020000000,1728000
1791341180.1584,4888,3328,57000,1020000000,1728000
1791341180.2085,4888,3336,56843,1020000000,1728000
1791341180.2586,4888,3336,57031,1020000000,1728000
1791341180.3087,4888,3336,57093,1020000000,1728000
1791341180.3606,4888,3352,56906,1020000000,1728000
1791341180.4107,4880,3376,56875,1020000000,1728000
1791341180.4608,4880,3384,56906,1020000000,1728000
1791341180.5108,4888,3376,56781,1020000000,1728000
1791341180.5609,4880,3376,56812,1020000000,1728000
1791341180.6111,4888,3376,56875,1020000000,1728000
1791341180.6612,4880,3376,56906,1020000000,1728000
1791341180.7113,4880,3376,56875,1020000000,1728000
1791341180.7613,4880,3368,56968,1020000000,1728000
1791341180.8114,4880,3376,56937,1020000000,1728000
1791341180.8615,4888,3368,56937,1020000000,1728000
1791341180.9116,4880,3376,57000,1020000000,1728000
1791341180.9617,4880,3384,57062,1020000000,1728000
1791341181.0118,4880,3384,57000,1020000000,1728000
1791341181.0619,4888,3384,57031,1020000000,1728000
1791341181.1120,4880,3376,57093,1020000000,1728000
1791341181.1621,4880,3384,57000,1020000000,1728000
1791341181.2122,4880,3384,57093,1020000000,1728000
1791341181.2622,4888,3384,57125,1020000000,1728000
1791341181.3123,4880,3376,57250,1020000000,1728000
1791341181.3624,4880,3384,57156,1020000000,1728000
1791341181.4125,4888,3376,57187,1020000000,1728000
1791341181.4626,4880,3384,57000,1020000000,1728000
1791341181.5127,4888,3288,57031,1020000000,1728000
1791341181.5628,4896,3104,56906,1020000000,1728000
1791341181.6128,4896,2944,56531,1020000000,1728000
1791341181.6629,4904,2816,56406,1020000000,1728000
1791341181.7130,4904,2888,56968,1020000000,1728000
1791341181.7631,4904,2944,56656,1020000000,1728000
1791341181.8132,4896,2984,56781,1020000000,1728000
1791341181.8633,4896,3032,57250,1020000000,1728000
1791341181.9134,4896,3064,56812,1020000000,1728000
1791341181.9635,4896,3104,56937,1020000000,1728000
1791341182.0136,4896,3144,56968,1020000000,1728000
1791341182.0637,4888,3184,56968,1020000000,1728000
1791341182.1137,4888,3208,57000,1020000000,1728000
1791341182.1638,4888,3224,57031,1020000000,1728000
1791341182.2139,4888,3240,56937,1020000000,1728000
1791341182.2640,4888,3256,57031,1020000000,1728000
1791341182.3141,4888,3272,57093,1020000000,1728000
1791341182.3642,4888,3280,57000,1020000000,1728000
1791341182.4143,4888,3288,57125,1020000000,1728000
1791341182.4644,4888,3304,57218,1020000000,1728000
1791341182.5145,4888,3320,57281,1020000000,1728000
1791341182.5646,4888,3328,57156,1020000000,1728000
1791341182.6147,4888,3344,57187,1020000000,1728000
1791341182.6648,4888,3344,57250,1020000000,1728000
1791341182.7148,4888,3216,57125,1020000000,1728000
1791341182.7649,4896,3024,57000,1020000000,1728000
1791341182.8150,4904,2856,56937,1020000000,1728000
1791341182.8651,4912,2704,57000,1020000000,1728000
1791341182.9152,4912,2576,56875,1020000000,1728000
1791341182.9653,4920,2456,57093,1020000000,1728000
1791341183.0153,4920,2352,56750,1020000000,1728000
1791341183.0654,4928,2256,56781,1020000000,1728000
1791341183.1155,4928,2184,56937,1020000000,1728000
1791341183.1656,4928,2120,56968,1020000000,1728000
1791341183.2157,4928,2048,56656,1020000000,1728000
1791341183.2658,4936,1992,56687,1020000000,1728000
1791341183.3158,4936,1944,56750,1020000000,1728000
1791341183.3659,4936,1896,56593,1020000000,1728000
1791341183.4160,4936,1856,56656,1020000000,1728000
1791341183.4661,4944,1816,56531,1020000000,1728000
1791341183.5162,4944,1784,56750,1020000000,1728000
1791341183.5662,4944,1760,56437,1020000000,1728000
1791341183.6163,4944,1736,56625,1020000000,1728000
1791341183.6664,4944,1728,56968,1020000000,1728000
1791341183.7165,4944,1720,56625,1020000000,1728000
1791341183.7666,4944,1712,56906,1020000000,1728000
1791341183.8167,4944,1712,56656,1020000000,1728000
1791341183.8668,4944,1696,56656,1020000000,1728000
1791341183.9169,4944,1680,55906,1020000000,1728000
