1791134461.8406,4968,1008,61156,306000000,1728000
1791134461.8907,4968,1064,61281,306000000,1728000
1791134461.9407,4968,1128,61531,306000000,1728000
1791134461.9908,4960,1136,61218,306000000,1728000
1791134462.0409,4960,1144,61312,306000000,1728000
1791134462.0910,4960,1152,61187,306000000,1728000
1791134462.1410,4960,1160,61218,306000000,1728000
1791134462.1911,4960,1168,61093,306000000,1728000
1791134462.2412,4960,1176,61187,306000000,1728000
1791134462.2912,4960,1184,61062,306000000,1728000
1791134462.3413,4960,1200,61218,306000000,1728000
1791134462.3914,4960,1208,61312,306000000,1728000
1791134462.4415,4960,1208,61187,306000000,1728000
1791134462.4916,4960,1208,61218,306000000,1728000
1791134462.5417,4960,1208,61218,306000000,1728000
1791134462.5918,4960,1216,61250,306000000,1728000
1791134462.6418,4960,1216,61062,306000000,1728000
1791134462.6919,4960,1216,61281,306000000,1728000
1791134462.7420,4960,1216,61062,306000000,1728000
1791134462.7921,4960,1216,61062,1020000000,1728000
1791134462.8422,4960,1216,61156,306000000,1728000
1791134462.8922,4960,1232,61125,306000000,1728000
1791134462.9423,4960,1232,61281,306000000,1728000
1791134462.9924,4960,1240,61093,306000000,1728000
1791134463.0425,4960,1264,61218,306000000,1728000
1791134463.0926,4952,1368,61156,714000000,1728000
1791134463.1427,4952,1504,61343,1020000000,1728000
1791134463.1928,4944,1560,61125,1020000000,1728000
1791134463.2428,4952,1520,61343,408000000,1728000
1791134463.2929,4952,1520,61031,306000000,1728000
1791134463.3430,4944,1576,61125,714000000,1728000
1791134463.3931,4944,1696,61343,1020000000,1728000
1791134463.4433,4936,1840,61812,1020000000,1728000
1791134463.4934,4936,1912,61812,612000000,1728000
1791134463.5435,4928,1984,61468,1020000000,1728000
1791134463.5936,4928,2072,61500,714000000,1728000
1791134463.6437,4928,2112,61625,714000000,1728000
1791134463.6938,4920,2192,61687,1020000000,1728000
1791134463.7439,4920,2264,61656,816000000,1728000
1791134463.7940,4920,2320,61718,816000000,1728000
1791134463.8441,4912,2416,61812,1020000000,1728000
1791134463.8942,4912,2512,62031,918000000,1728000
1791134463.9443,4912,2592,62093,918000000,1728000
1791134463.9944,4904,2696,62250,1020000000,1728000
1791134464.0445,4904,2784,62406,1020000000,1728000
1791134464.0946,4904,2840,62093,1020000000,1728000
1791134464.1447,4896,2904,62250,1020000000,1728000
1791134464.1947,4896,2968,62375,1020000000,1420800
1791134464.2448,4896,3024,62406,1020000000,1728000
1791134464.2949,4888,3064,62656,1020000000,1728000
1791134464.3450,4888,3112,62468,1020000000,1728000
1791134464.3951,4888,3144,62656,1020000000,1728000
1791134464.4452,4888,3176,62531,1020000000,1728000
1791134464.4953,4888,3208,62593,1020000000,1728000
1791134464.5454,4888,3248,62781,1020000000,1728000
1791134464.5955,4880,3272,62625,1020000000,1728000
1791134464.6456,4880,3288,62750,1020000000,1728000
1791134464.6956,4880,3304,62468,1020000000,1728000
1791134464.7457,4880,3312,62593,1020000000,1728000
1791134464.7958,4880,3328,62781,1020000000,1728000
1791134464.8459,4880,3336,62593,1020000000,1728000
1791134464.8960,4880,3344,62625,1020000000,1728000
1791134464.9461,4880,3360,62843,1020000000,1728000
1791134464.9962,4880,3360,62625,1020000000,1728000
1791134465.0463,4880,3368,62687,1020000000,1728000
1791134465.0964,4880,3392,62812,1020000000,1728000
1791134465.1465,4880,3400,62718,1020000000,1728000
1791134465.1966,4880,3408,62718,1020000000,1728000
1791134465.2467,4880,3416,62781,1020000000,1728000
1791134465.2968,4880,3416,62812,1020000000,1728000
1791134465.3469,4880,3416,62781,1020000000,1728000
1791134465.3969,4880,3416,62875,1020000000,1728000
1791134465.4470,4880,3424,62812,1020000000,1728000
1791134465.4971,4880,3424,62875,1020000000,1728000
1791134465.5472,4880,3424,62843,1020000000,1728000
1791134465.5973,4880,3424,62906,1020000000,1728000
1791134465.6474,4880,3432,63062,1020000000,1728000
1791134465.6975,4872,3440,63000,1020000000,1728000
1791134465.7476,4872,3440,63062,1020000000,1728000
1791134465.7977,4872,3448,62875,1020000000,1728000
1791134465.8478,4872,3440,62906,1020000000,1728000
1791134465.8979,4872,3440,63156,1020000000,1728000
1791134465.9480,4872,3440,63187,1020000000,1728000
1791134465.9980,4872,3432,63093,1020000000,1728000
1791134466.0481,4880,3432,63125,1020000000,1728000
1791134466.0982,4872,3432,63281,1020000000,1728000
1791134466.1483,4880,3432,63093,1020000000,1728000
1791134466.1984,4872,3432,63250,1020000000,1728000
1791134466.2485,4872,3432,62906,1020000000,1728000
1791134466.2986,4872,3432,63062,1020000000,1728000
1791134466.3487,4880,3432,63218,1020000000,1728000
1791134466.3988,4880,3424,62968,1020000000,1728000
1791134466.4488,4880,3424,63062,1020000000,1728000
1791134466.4989,4880,3424,63281,1020000000,1728000
1791134466.5490,4872,3424,63000,1020000000,1728000
1791134466.5991,4880,3424,63031,1020000000,1728000
1791134466.6491,4872,3424,63250,1020000000,1728000
1791134466.6992,4872,3424,63093,1020000000,1728000
1791134466.7493,4872,3440,63125,1020000000,1728000
1791134466.7994,4872,3440,63187,1020000000,1728000
1791134466.8495,4872,3440,63156,1020000000,1728000
1791134466.8996,4872,3440,63156,1020000000,1728000
1791134466.9497,4872,3440,63187,1020000000,1728000
1791134466.9997,4872,3432,63156,1020000000,1728000
1791134467.0498,4872,3432,63093,1020000000,1728000
1791134467.0999,4872,3432,63281,1020000000,1728000
1791134467.1500,4872,3432,63312,1020000000,1728000
1791134467.2001,4872,3424,63156,1020000000,1728000
1791134467.2502,4872,3432,63437,1020000000,1728000
1791134467.3003,4872,3424,63437,1020000000,1728000
1791134467.3504,4872,3432,63281,1020000000,1728000
1791134467.4005,4872,3424,63437,1020000000,1728000
1791134467.4506,4872,3424,63343,1020000000,1728000
1791134467.5006,4872,3424,63468,1020000000,1728000
1791134467.5507,4872,3424,63343,1020000000,1728000
1791134467.6008,4872,3440,63375,1020000000,1728000
1791134467.6509,4872,3432,63531,1020000000,1728000
1791134467.7010,4872,3440,63375,1020000000,1728000
1791134467.7511,4872,3440,63437,1020000000,1728000
1791134467.8012,4872,3440,63218,1020000000,1728000
1791134467.8513,4872,3456,63437,1020000000,1728000
1791134467.9013,4872,3456,63531,1020000000,1728000
1791134467.9514,4872,3448,63281,1020000000,1728000
1791134468.0015,4872,3448,63281,1020000000,1728000
1791134468.0516,4872,3448,63500,1020000000,1728000
1791134468.1017,4872,3448,63312,1020000000,1728000
1791134468.1518,4872,3448,63375,1020000000,1728000
1791134468.2019,4872,3448,63625,1020000000,1728000
1791134468.2520,4872,3440,63312,1020000000,1728000
1791134468.3021,4872,3440,63343,1020000000,1728000
1791134468.3522,4872,3432,63375,1020000000,1728000
1791134468.4023,4872,3448,63406,1020000000,1728000
1791134468.4524,4872,3440,63343,1020000000,1728000
1791134468.5025,4872,3448,63437,1020000000,1728000
1791134468.5526,4872,3448,63343,1020000000,1728000
1791134468.6026,4872,3448,63406,1020000000,1728000
1791134468.6527,4872,3440,63437,1020000000,1728000
1791134468.7028,4872,3432,63593,1020000000,1728000
1791134468.7529,4872,3432,63375,1020000000,1728000
1791134468.8030,4872,3432,63531,1020000000,1728000
1791134468.8531,4872,3432,63531,1020000000,1728000
1791134468.9032,4872,3432,63500,1020000000,1728000
1791134468.9532,4872,3440,63593,1020000000,1728000
1791134469.0033,4872,3448,63593,1020000000,1728000
1791134469.0534,4872,3448,63468,1020000000,1728000
1791134469.1035,4872,3448,63593,1020000000,1728000
1791134469.1536,4872,3448,63781,1020000000,1728000
1791134469.2037,4872,3456,63812,1020000000,1728000
1791134469.2538,4872,3448,63625,1020000000,1728000
1791134469.3039,4872,3448,63718,1020000000,1728000
1791134469.3539,4872,3440,63500,1020000000,1728000
1791134469.4040,4872,3440,63562,1020000000,1728000
1791134469.4541,4872,3440,63750,1020000000,1728000
1791134469.5042,4872,3448,63656,1020000000,1728000
1791134469.5543,4872,3456,63468,1020000000,1728000
1791134469.6044,4872,3456,63781,1020000000,1728000
1791134469.6545,4872,3456,63531,1020000000,1728000
1791134469.7046,4872,3448,63531,1020000000,1728000
1791134469.7547,4872,3448,63875,1020000000,1728000
1791134469.8048,4872,3448,63562,1020000000,1728000
1791134469.8549,4880,3424,63562,1020000000,1728000
1791134469.9050,4880,3416,63812,1020000000,1728000
1791134469.9550,4880,3424,63562,1020000000,1728000
1791134470.0051,4880,3424,63718,1020000000,1728000
1791134470.0552,4872,3440,63718,1020000000,1728000
1791134470.1053,4872,3440,63562,1020000000,1728000
1791134470.1554,4872,3440,63687,1020000000,1728000
1791134470.2055,4872,3440,63687,1020000000,1728000
1791134470.2556,4872,3440,63562,1020000000,1728000
1791134470.3056,4872,3440,63593,1020000000,1728000
1791134470.3557,4872,3440,63718,1020000000,1728000
1791134470.4058,4872,3432,63750,1020000000,1728000
1791134470.4559,4872,3440,63750,1020000000,1728000
1791134470.5060,4872,3440,63812,1020000000,1728000
1791134470.5561,4872,3440,63843,1020000000,1728000
1791134470.6062,4872,3456,63968,1020000000,1728000
1791134470.6563,4872,3456,63812,1020000000,1728000
1791134470.7064,4872,3456,63843,1020000000,1728000
1791134470.7564,4872,3456,64031,1020000000,1728000
1791134470.8065,4872,3448,63781,1020000000,1728000
1791134470.8566,4872,3448,63906,1020000000,1728000
1791134470.9067,4872,3448,63781,1020000000,1728000
1791134470.9568,4872,3440,63781,1020000000,1728000
1791134471.0069,4872,3448,63875,1020000000,1728000
1791134471.0570,4872,3432,63625,1020000000,1728000
1791134471.1071,4872,3424,63625,1020000000,1728000
1791134471.1572,4872,3432,63968,1020000000,1728000
1791134471.2073,4872,3440,63718,1020000000,1728000
1791134471.2573,4872,3440,63687,1020000000,1728000
1791134471.3074,4872,3440,64031,1020000000,1728000
1791134471.3575,4872,3440,63593,1020000000,1728000
1791134471.4076,4872,3448,63781,1020000000,1728000
1791134471.4577,4872,3440,63812,1020000000,1728000
1791134471.5078,4872,3440,63750,1020000000,1728000
1791134471.5579,4872,3440,63750,1020000000,1728000
1791134471.6079,4872,3440,63843,1020000000,1728000
1791134471.6580,4872,3440,63781,1020000000,1728000
1791134471.7081,4872,3424,63812,1020000000,1728000
1791134471.7582,4872,3424,63812,1020000000,1728000
1791134471.8083,4872,3424,63937,1020000000,1728000
1791134471.8584,4880,3424,63843,1020000000,1728000
1791134471.9085,4880,3424,63937,1020000000,1728000
1791134471.9586,4872,3424,63937,1020000000,1728000
1791134472.0087,4872,3424,63875,1020000000,1728000
1791134472.0587,4872,3416,63843,1020000000,1728000
1791134472.1088,4872,3416,63968,1020000000,1728000
1791134472.1589,4872,3424,64031,1020000000,1728000
1791134472.2090,4872,3424,63937,1020000000,1728000
1791134472.2591,4872,3440,64000,1020000000,1728000
1791134472.3092,4872,3440,64125,1020000000,1728000
1791134472.3593,4872,3440,64031,1020000000,1728000
1791134472.4094,4872,3440,64000,1020000000,1728000
1791134472.4595,4872,3448,63843,1020000000,1728000
1791134472.5095,4872,3448,63937,1020000000,1728000
1791134472.5596,4872,3448,64093,1020000000,1728000
1791134472.6097,4872,3448,63812,1020000000,1728000
1791134472.6598,4872,3448,63968,1020000000,1728000
1791134472.7099,4872,3456,64062,1020000000,1728000
1791134472.7600,4872,3456,63937,1020000000,1728000
1791134472.8101,4872,3472,63843,1020000000,1728000
1791134472.8602,4872,3472,64218,1020000000,1728000
1791134472.9103,4872,3472,63843,1020000000,1728000
1791134472.9604,4872,3472,63875,1020000000,1728000
1791134473.0105,4872,3480,64156,1020000000,1728000
1791134473.0606,4872,3472,63875,1020000000,1728000
1791134473.1107,4872,3472,63906,1020000000,1728000
1791134473.1608,4872,3472,63937,1020000000,1728000
1791134473.2108,4872,3472,63906,1020000000,1728000
1791134473.2609,4872,3472,64125,1020000000,1728000
1791134473.3111,4872,3480,64000,1020000000,1728000
1791134473.3612,4872,3488,64031,1020000000,1728000
1791134473.4113,4872,3488,64031,1020000000,1728000
1791134473.4613,4872,3472,64062,1020000000,1728000
1791134473.5114,4872,3472,64062,1020000000,1728000
1791134473.5615,4872,3464,63968,1020000000,1728000
1791134473.6116,4872,3464,64031,1020000000,1728000
1791134473.6617,4872,3464,64187,1020000000,1728000
1791134473.7118,4872,3464,64000,1020000000,1728000
1791134473.7619,4872,3448,64093,1020000000,1728000
1791134473.8120,4872,3448,64156,1020000000,1728000
1791134473.8621,4872,3456,64281,1020000000,1728000
1791134473.9121,4872,3464,64125,1020000000,1728000
1791134473.9622,4872,3464,64125,1020000000,1728000
1791134474.0123,4872,3464,64031,1020000000,1728000
1791134474.0624,4872,3456,64187,1020000000,1728000
1791134474.1125,4872,3456,64218,1020000000,1728000
1791134474.1626,4872,3456,64000,1020000000,1728000
1791134474.2127,4872,3456,64281,1020000000,1728000
1791134474.2628,4872,3440,64250,1020000000,1728000
1791134474.3128,4872,3424,63937,1020000000,1728000
1791134474.3630,4872,3432,64062,1020000000,1728000
1791134474.4130,4872,3424,64281,1020000000,1728000
1791134474.4631,4872,3440,64093,1020000000,1497600
1791134474.5132,4872,3424,64000,1020000000,1728000
1791134474.5633,4872,3424,64312,1020000000,1728000
1791134474.6134,4872,3432,64156,1020000000,1728000
1791134474.6635,4872,3432,64031,1020000000,1728000
1791134474.7136,4872,3440,64156,1020000000,1728000
1791134474.7637,4872,3440,64000,1020000000,1728000
1791134474.8138,4872,3440,64031,1020000000,1728000
1791134474.8638,4872,3440,64156,1020000000,1728000
1791134474.9139,4872,3440,64000,1020000000,1728000
1791134474.9640,4872,3440,64093,1020000000,1728000
1791134475.0141,4872,3456,64218,1020000000,1728000
1791134475.0642,4872,3456,64250,1020000000,1728000
1791134475.1143,4872,3456,64156,1020000000,1728000
1791134475.1644,4872,3448,64125,1020000000,1728000
1791134475.2145,4872,3448,64281,1020000000,1728000
1791134475.2646,4872,3456,64218,1020000000,1728000
1791134475.3147,4872,3456,64156,1020000000,1728000
1791134475.3648,4872,3448,64312,1020000000,1728000
1791134475.4149,4872,3448,64375,1020000000,1728000
1791134475.4650,4872,3448,64250,1020000000,1728000
1791134475.5151,4872,3448,64312,1020000000,1728000
1791134475.5652,4872,3464,64500,1020000000,1728000
1791134475.6152,4872,3464,64250,1020000000,1728000
1791134475.6653,4872,3456,64312,1020000000,1728000
1791134475.7154,4872,3464,64156,1020000000,1728000
1791134475.7655,4872,3464,64312,1020000000,1728000
1791134475.8156,4872,3464,64375,1020000000,1728000
1791134475.8657,4872,3464,64031,1020000000,1728000
1791134475.9158,4872,3464,64250,1020000000,1728000
1791134475.9659,4872,3448,64468,1020000000,1728000
1791134476.0160,4872,3456,64125,1020000000,1728000
1791134476.0661,4872,3448,64125,1020000000,1728000
1791134476.1162,4872,3464,64437,1020000000,1728000
1791134476.1663,4872,3464,64187,1020000000,1728000
1791134476.2163,4872,3464,64218,1020000000,1728000
1791134476.2664,4872,3464,64281,1020000000,1728000
1791134476.3165,4872,3456,64187,1020000000,1728000
1791134476.3666,4872,3456,64187,1020000000,1728000
1791134476.4167,4872,3456,64343,1020000000,1728000
1791134476.4669,4872,3448,64156,1020000000,1728000
1791134476.5169,4872,3456,64281,1020000000,1728000
1791134476.5671,4872,3456,64250,1020000000,1728000
1791134476.6172,4872,3448,64343,1020000000,1728000
1791134476.6673,4872,3456,64218,1020000000,1728000
1791134476.7174,4872,3464,64312,1020000000,1728000
1791134476.7675,4872,3472,64437,1020000000,1728000
1791134476.8175,4872,3464,64312,1020000000,1728000
1791134476.8676,4872,3464,64312,1020000000,1728000
1791134476.9177,4872,3456,64437,1020000000,1728000
1791134476.9678,4872,3456,64531,1020000000,1728000
1791134477.0179,4872,3456,64406,1020000000,1728000
1791134477.0680,4872,3448,64468,1020000000,1728000
1791134477.1181,4872,3456,64593,1020000000,1728000
1791134477.1682,4872,3448,64343,1020000000,1728000
1791134477.2183,4872,3464,64531,1020000000,1728000
1791134477.2684,4872,3464,64250,1020000000,1728000
1791134477.3185,4872,3464,64281,1020000000,1728000
1791134477.3686,4872,3464,64562,1020000000,1728000
1791134477.4187,4872,3456,64312,1020000000,1728000
1791134477.4687,4872,3456,64281,1020000000,1728000
1791134477.5188,4872,3456,64562,1020000000,1728000
1791134477.5689,4872,3456,64218,1020000000,1728000
1791134477.6190,4872,3448,64312,1020000000,1728000
1791134477.6691,4872,3456,64656,1020000000,1728000
1791134477.7192,4872,3448,64312,1020000000,1728000
1791134477.7693,4872,3456,64343,1020000000,1728000
1791134477.8194,4872,3464,64406,1020000000,1728000
1791134477.8695,4872,3464,64281,1020000000,1728000
1791134477.9195,4872,3456,64250,1020000000,1728000
1791134477.9696,4872,3456,64406,1020000000,1728000
1791134478.0197,4872,3456,64312,1020000000,1728000
1791134478.0698,4872,3456,64375,1020000000,1728000
1791134478.1199,4872,3464,64375,1020000000,1728000
1791134478.1700,4872,3456,64406,1020000000,1728000
1791134478.2201,4872,3456,64312,1020000000,1728000
1791134478.2702,4872,3456,64375,1020000000,1728000
1791134478.3203,4872,3464,64562,1020000000,1728000
1791134478.3704,4872,3472,64437,1020000000,1728000
1791134478.4205,4872,3464,64437,1020000000,1728000
1791134478.4706,4872,3464,64562,1020000000,1728000
1791134478.5206,4872,3456,64625,1020000000,1728000
1791134478.5707,4872,3464,64531,1020000000,1728000
1791134478.6208,4872,3456,64531,1020000000,1728000
1791134478.6710,4872,3456,64656,1020000000,1728000
1791134478.7210,4872,3456,64531,1020000000,1728000
1791134478.7711,4872,3464,64593,1020000000,1728000
1791134478.8212,4872,3464,64406,1020000000,1728000
1791134478.8713,4872,3472,64593,1020000000,1728000
1791134478.9214,4872,3480,64625,1020000000,1728000
1791134478.9715,4872,3472,64375,1020000000,1728000
1791134479.0216,4872,3472,64406,1020000000,1728000
1791134479.0717,4872,3464,64687,1020000000,1728000
1791134479.1218,4872,3464,64312,1020000000,1728000
1791134479.1726,4872,3464,64437,1020000000,1728000
1791134479.2227,4872,3464,64468,1020000000,1728000
1791134479.2728,4872,3456,64468,1020000000,1728000
1791134479.3229,4872,3456,64500,1020000000,1728000
1791134479.3730,4872,3456,64500,1020000000,1728000
1791134479.4231,4872,3456,64437,1020000000,1728000
1791134479.4732,4872,3464,64531,1020000000,1728000
1791134479.5233,4872,3464,64593,1020000000,1728000
1791134479.5733,4872,3464,64593,1020000000,1728000
1791134479.6234,4872,3464,64468,1020000000,1728000
1791134479.6735,4872,3464,64562,1020000000,1728000
1791134479.7236,4872,3456,64687,1020000000,1728000
1791134479.7737,4872,3456,64531,1020000000,1728000
1791134479.8238,4872,3456,64593,1020000000,1728000
1791134479.8739,4872,3456,64750,1020000000,1728000
1791134479.9239,4872,3456,64718,1020000000,1728000
1791134479.9740,4872,3464,64625,1020000000,1728000
1791134480.0241,4872,3472,64656,1020000000,1728000
1791134480.0742,4872,3464,64781,1020000000,1728000
1791134480.1243,4872,3464,64593,1020000000,1728000
1791134480.1744,4872,3464,64718,1020000000,1728000
1791134480.2245,4872,3456,64781,1020000000,1728000
1791134480.2746,4872,3456,64500,1020000000,1728000
1791134480.3246,4872,3440,64781,1020000000,1728000
1791134480.3747,4872,3424,64500,1020000000,1728000
1791134480.4248,4872,3440,64500,1020000000,1728000
1791134480.4749,4872,3440,64781,1020000000,1728000
1791134480.5250,4872,3448,64812,1020000000,1728000
1791134480.5751,4872,3456,64531,1020000000,1728000
1791134480.6252,4872,3464,64781,1020000000,1728000
1791134480.6753,4872,3464,64562,1020000000,1728000
1791134480.7254,4872,3464,64562,1020000000,1728000
1791134480.7754,4872,3456,64656,1020000000,1728000
1791134480.8255,4872,3456,64562,1020000000,1728000
1791134480.8756,4872,3464,64562,1020000000,1728000
1791134480.9257,4872,3456,64687,1020000000,1728000
1791134480.9758,4872,3456,64593,1020000000,1728000
1791134481.0259,4872,3456,64593,1020000000,1728000
1791134481.0760,4872,3464,64875,1020000000,1728000
1791134481.1261,4872,3472,64656,1020000000,1728000
1791134481.1762,4872,3456,64593,1020000000,1728000
1791134481.2263,4872,3448,64718,1020000000,1728000
1791134481.2764,4872,3448,64781,1020000000,1728000
1791134481.3265,4872,3432,64656,1020000000,1728000
1791134481.3765,4872,3432,64718,1020000000,1728000
1791134481.4266,4872,3432,64781,1020000000,1728000
1791134481.4767,4872,3432,64843,1020000000,1728000
1791134481.5268,4872,3432,64781,1020000000,1728000
1791134481.5769,4872,3440,64781,1020000000,1728000
1791134481.6270,4872,3448,64843,1020000000,1728000
1791134481.6771,4872,3448,64750,1020000000,1728000
1791134481.7272,4872,3448,64812,1020000000,1728000
1791134481.7772,4872,3456,64906,1020000000,1728000
1791134481.8273,4872,3456,64750,1020000000,1728000
1791134481.8774,4872,3456,64843,1020000000,1728000
1791134481.9275,4872,3456,64687,1020000000,1728000
1791134481.9776,4872,3448,64656,1020000000,1728000
1791134482.0277,4872,3448,64781,1020000000,1728000
1791134482.0778,4872,3448,64656,1020000000,1728000
1791134482.1279,4872,3448,64687,1020000000,1728000
1791134482.1779,4872,3456,64968,1020000000,1728000
1791134482.2280,4872,3464,64843,1020000000,1728000
1791134482.2781,4872,3464,64750,1020000000,1728000
1791134482.3282,4872,3464,64781,1020000000,1728000
1791134482.3783,4872,3464,64750,1020000000,1728000
1791134482.4284,4872,3464,64781,1020000000,1728000
1791134482.4785,4872,3456,64750,1020000000,1728000
1791134482.5286,4872,3456,64781,1020000000,1728000
1791134482.5786,4872,3456,64781,1020000000,1728000
1791134482.6287,4872,3456,64781,1020000000,1728000
1791134482.6788,4872,3440,64937,1020000000,1728000
1791134482.7289,4872,3448,64718,1020000000,1728000
1791134482.7790,4872,3456,64937,1020000000,1728000
1791134482.8291,4872,3448,64875,1020000000,1728000
1791134482.8792,4872,3448,64812,1020000000,1728000
1791134482.9293,4872,3448,64843,1020000000,1728000
1791134482.9794,4872,3448,64875,1020000000,1728000
1791134483.0294,4872,3448,64812,1020000000,1728000
1791134483.0795,4872,3448,64812,1020000000,1728000
1791134483.1296,4872,3440,64968,1020000000,1728000
1791134483.1797,4872,3440,65031,1020000000,1728000
1791134483.2298,4872,3448,64937,1020000000,1728000
1791134483.2799,4872,3456,64937,1020000000,1728000
1791134483.3300,4872,3464,65062,1020000000,1728000
1791134483.3801,4872,3456,64843,1020000000,1728000
1791134483.4302,4872,3464,65031,1020000000,1728000
1791134483.4803,4872,3464,64781,1020000000,1728000
1791134483.5304,4872,3464,64812,1020000000,1728000
1791134483.5804,4872,3456,65031,1020000000,1728000
1791134483.6305,4872,3456,64781,1020000000,1728000
1791134483.6806,4872,3456,64843,1020000000,1728000
1791134483.7307,4872,3448,65093,1020000000,1728000
1791134483.7808,4872,3448,64812,1020000000,1728000
1791134483.8309,4872,3456,64875,1020000000,1728000
1791134483.8810,4872,3456,65031,1020000000,1728000
1791134483.9311,4872,3456,64875,1020000000,1728000
1791134483.9812,4872,3456,64875,1020000000,1728000
1791134484.0313,4872,3448,64906,1020000000,1728000
1791134484.0813,4872,3448,64906,1020000000,1728000
1791134484.1314,4872,3432,64843,1020000000,1728000
1791134484.1815,4872,3432,64875,1020000000,1728000
1791134484.2316,4872,3432,64812,1020000000,1728000
1791134484.2817,4872,3440,64781,1020000000,1728000
1791134484.3318,4872,3440,64875,1020000000,1728000
1791134484.3819,4872,3448,64937,1020000000,1728000
1791134484.4320,4872,3456,64937,1020000000,1728000
1791134484.4821,4872,3456,64906,1020000000,1728000
1791134484.5322,4872,3456,65000,1020000000,1728000
1791134484.5822,4872,3456,64906,1020000000,1728000
1791134484.6323,4872,3456,65000,1020000000,1728000
1791134484.6824,4872,3456,65031,1020000000,1728000
1791134484.7325,4872,3464,65281,1020000000,1728000
1791134484.7826,4872,3456,64781,1020000000,1728000
1791134484.8327,4872,3456,65093,1020000000,1728000
1791134484.8828,4872,3448,65187,1020000000,1728000
1791134484.9329,4872,3464,65093,1020000000,1728000
1791134484.9830,4872,3392,65031,1020000000,1728000
1791134485.0331,4880,3184,64531,1020000000,1728000
1791134485.0831,4888,3000,64562,1020000000,1728000
1791134485.1332,4896,2832,64562,1020000000,1728000
1791134485.1833,4904,2688,64156,1020000000,1728000
1791134485.2334,4904,2560,64062,918000000,1728000
1791134485.2835,4912,2448,64312,816000000,1728000
1791134485.3335,4912,2336,63937,714000000,1728000
1791134485.3836,4920,2248,64000,714000000,1728000
1791134485.4337,4920,2160,64156,612000000,1728000
1791134485.4838,4920,2096,64031,612000000,1728000
1791134485.5339,4928,2008,63781,510000000,1728000
1791134485.5840,4928,1928,63750,510000000,1728000
1791134485.6341,4936,1848,63625,408000000,1728000
1791134485.6842,4936,1784,63562,408000000,1728000
1791134485.7343,4936,1720,63500,408000000,1728000
1791134485.7843,4936,1664,63562,408000000,1728000
1791134485.8344,4944,1616,63406,306000000,1728000
1791134485.8845,4944,1568,63562,306000000,1728000
1791134485.9345,4944,1528,63562,306000000,1728000
1791134485.9846,4944,1496,63312,306000000,1728000
1791134486.0347,4944,1472,63500,306000000,1728000
1791134486.0848,4944,1456,63437,306000000,1728000
1791134486.1349,4952,1432,63406,306000000,1728000
1791134486.1850,4952,1408,63562,306000000,1728000
1791134486.2351,4952,1384,63343,306000000,1728000
1791134486.2852,4952,1368,63312,306000000,1728000
1791134486.3353,4952,1352,63250,306000000,1728000
1791134486.3854,4952,1336,63250,306000000,1728000
1791134486.4354,4952,1328,63343,306000000,1728000
1791134486.4855,4952,1312,63312,306000000,1728000
1791134486.5356,4952,1304,63218,306000000,1728000
1791134486.5857,4952,1296,63375,306000000,1728000
1791134486.6358,4952,1304,63156,306000000,1728000
1791134486.6859,4952,1296,63343,306000000,1728000
1791134486.7359,4952,1288,63312,306000000,1728000
1791134486.7860,4952,1280,63281,306000000,1728000
1791134486.8361,4952,1272,63187,306000000,1728000
1791134486.8862,4952,1272,63062,306000000,1728000
1791134486.9363,4952,1264,63125,306000000,1728000
1791134486.9863,4952,1264,63093,306000000,1728000
1791134487.0364,4952,1256,63156,306000000,1728000
1791134487.0865,4952,1256,63062,306000000,1728000
1791134487.1366,4952,1248,63062,306000000,1728000
1791134487.1867,4952,1264,63187,306000000,1728000
1791134487.2368,4952,1264,63093,306000000,1728000
1791134487.2869,4952,1256,63125,306000000,1728000
1791134487.3369,4960,1256,62968,306000000,1728000
1791134487.3870,4960,1248,62968,306000000,1728000
1791134487.4371,4960,1248,63156,306000000,1728000
1791134487.4872,4952,1264,62937,306000000,1728000
1791134487.5373,4952,1264,62906,306000000,1728000
1791134487.5874,4952,1272,63093,306000000,1728000
1791134487.6375,4952,1272,62843,306000000,1728000
1791134487.6876,4952,1288,63093,306000000,1728000
1791134487.7377,4952,1304,62875,306000000,1728000
1791134487.7878,4952,1304,62968,306000000,1728000
1791134487.8379,4952,1288,62750,306000000,1728000
1791134487.8880,4952,1264,62750,306000000,1728000
